-- phpMyAdmin SQL Dump
-- version 5.2.0
-- https://www.phpmyadmin.net/
--
-- Host: localhost
-- Generation Time: Nov 17, 2025 at 08:34 AM
-- Server version: 5.7.23-23
-- PHP Version: 8.3.6

SET SQL_MODE = "NO_AUTO_VALUE_ON_ZERO";
START TRANSACTION;
SET time_zone = "+00:00";


/*!40101 SET @OLD_CHARACTER_SET_CLIENT=@@CHARACTER_SET_CLIENT */;
/*!40101 SET @OLD_CHARACTER_SET_RESULTS=@@CHARACTER_SET_RESULTS */;
/*!40101 SET @OLD_COLLATION_CONNECTION=@@COLLATION_CONNECTION */;
/*!40101 SET NAMES utf8mb4 */;

--
-- Database: `thronet6_ortho`
--

-- --------------------------------------------------------

--
-- Table structure for table `oneCall_availability`
--

CREATE TABLE `oneCall_availability` (
  `id` int(11) NOT NULL,
  `date_value` date NOT NULL,
  `dow_name` varchar(20) COLLATE utf8_unicode_ci NOT NULL,
  `dow_type` int(11) NOT NULL,
  `er_available` text COLLATE utf8_unicode_ci,
  `backup_available` text COLLATE utf8_unicode_ci,
  `practice_available` text COLLATE utf8_unicode_ci,
  `created_at` timestamp NOT NULL DEFAULT CURRENT_TIMESTAMP,
  `updated_at` timestamp NOT NULL DEFAULT CURRENT_TIMESTAMP ON UPDATE CURRENT_TIMESTAMP
) ENGINE=InnoDB DEFAULT CHARSET=utf8 COLLATE=utf8_unicode_ci;

-- --------------------------------------------------------

--
-- Table structure for table `oneCall_calendar_days`
--

CREATE TABLE `oneCall_calendar_days` (
  `id` int(11) NOT NULL,
  `date` date NOT NULL,
  `day_of_week` tinyint(4) NOT NULL,
  `is_weekend` tinyint(4) NOT NULL,
  `is_holiday` tinyint(4) DEFAULT '0',
  `holiday_id` int(11) DEFAULT NULL
) ENGINE=InnoDB DEFAULT CHARSET=utf8mb4;

-- --------------------------------------------------------

--
-- Table structure for table `oneCall_elective_shifts`
--

CREATE TABLE `oneCall_elective_shifts` (
  `id` int(11) NOT NULL,
  `shift_name` varchar(100) NOT NULL,
  `shift_type` enum('overnight_virtual','dch_weekend','aamc_weekend') NOT NULL,
  `date` date NOT NULL,
  `is_taken` tinyint(4) DEFAULT '0'
) ENGINE=InnoDB DEFAULT CHARSET=utf8mb4;

-- --------------------------------------------------------

--
-- Table structure for table `oneCall_elective_signups`
--

CREATE TABLE `oneCall_elective_signups` (
  `id` int(11) NOT NULL,
  `shift_id` int(11) NOT NULL,
  `user_id` int(11) NOT NULL,
  `signed_at` timestamp NOT NULL DEFAULT CURRENT_TIMESTAMP
) ENGINE=InnoDB DEFAULT CHARSET=utf8mb4;

-- --------------------------------------------------------

--
-- Table structure for table `oneCall_holidays`
--

CREATE TABLE `oneCall_holidays` (
  `id` int(11) NOT NULL,
  `holiday_name` varchar(100) NOT NULL,
  `start_date` date NOT NULL,
  `end_date` date NOT NULL,
  `type` enum('major','minor') NOT NULL,
  `assigned_group` enum('1','2','3','A','B','C','D','E') NOT NULL
) ENGINE=InnoDB DEFAULT CHARSET=utf8mb4;

--
-- Dumping data for table `oneCall_holidays`
--

INSERT INTO `oneCall_holidays` (`id`, `holiday_name`, `start_date`, `end_date`, `type`, `assigned_group`) VALUES
(1, 'Thanksgiving', '2026-11-21', '2026-11-28', 'major', '1'),
(2, 'Christmas', '2026-12-19', '2026-12-26', 'major', '2'),
(3, 'New Year\'s', '2026-12-27', '2027-01-03', 'major', '3'),
(4, 'MLK Day', '2026-01-17', '2026-01-19', 'minor', 'A'),
(5, 'President\'s Day', '2026-02-14', '2026-02-16', 'minor', 'B'),
(6, 'Memorial Day', '2026-05-23', '2026-05-25', 'minor', 'C'),
(7, 'July 4th', '2026-07-03', '2026-07-05', 'minor', 'D'),
(8, 'Labor Day', '2026-09-05', '2026-09-07', 'minor', 'E');

-- --------------------------------------------------------

--
-- Table structure for table `oneCall_holiday_assignments`
--

CREATE TABLE `oneCall_holiday_assignments` (
  `id` int(11) NOT NULL,
  `holiday_id` int(11) NOT NULL,
  `user_id` int(11) NOT NULL,
  `year` year(4) NOT NULL,
  `role` enum('er','backup','practice') NOT NULL
) ENGINE=InnoDB DEFAULT CHARSET=utf8mb4;

-- --------------------------------------------------------

--
-- Table structure for table `oneCall_provider_updates`
--

CREATE TABLE `oneCall_provider_updates` (
  `Last Name` varchar(100) DEFAULT NULL,
  `First name` varchar(100) DEFAULT NULL,
  `Status` decimal(3,2) DEFAULT NULL,
  `DOB` date DEFAULT NULL,
  `Anniversary Date` date DEFAULT NULL,
  `role` varchar(30) DEFAULT NULL,
  `provider_type` varchar(30) DEFAULT NULL
) ENGINE=InnoDB DEFAULT CHARSET=utf8mb4;

--
-- Dumping data for table `oneCall_provider_updates`
--

INSERT INTO `oneCall_provider_updates` (`Last Name`, `First name`, `Status`, `DOB`, `Anniversary Date`, `role`, `provider_type`) VALUES
('Akinleye', 'Omonike', '1.00', '2025-09-09', '2022-10-31', 'employed', 'app'),
('Alfera', 'Joe', '1.00', '2025-10-20', '2022-06-26', 'employed', 'app'),
('Ayerle', 'Kaitlyn', '0.00', '2025-04-20', '2023-06-19', 'employed', 'app'),
('Bambrah', 'Parineet', '1.00', '2025-01-04', '2004-08-01', 'employed', 'non_surgeon_md'),
('Braune', 'Maria', '1.00', '2025-08-24', '2025-05-26', 'employed', 'app'),
('Brennan', 'Madeline', '1.00', '2025-06-07', '2025-03-17', 'employed', 'app'),
('Cassidy', 'Peyton', '1.00', '2025-05-29', '2024-11-18', 'employed', 'app'),
('Chell', 'Emily', '0.80', '2025-03-11', '2023-01-01', 'employed', 'app'),
('Clark', 'James', '1.00', '2025-07-22', '2025-12-01', 'employed', 'app'),
('Coale', 'Max', '1.00', '2025-02-22', '2025-09-08', 'employed', 'surgeon_md'),
('Comegys', 'Amanda', '0.90', '2025-03-09', '2014-07-21', 'employed', 'app'),
('Crapster', 'Eric', '1.00', '2025-01-30', '2013-04-08', 'employed', 'app'),
('Denzine', 'Mark', '1.00', '2025-01-20', '2018-09-01', 'employed', 'surgeon_md'),
('Ely', 'Kim', '0.60', '2025-01-08', '2022-01-09', 'employed', 'app'),
('Exum', 'Phil', '0.00', '2025-10-20', '2014-07-21', 'employed', 'app'),
('Ferris', 'Stephen', '1.00', '2025-03-07', '2023-11-12', 'employed', 'app'),
('Friedmann', 'Elizabeth', '1.00', '2025-12-21', '2020-11-30', 'employed', 'surgeon_md'),
('Garner', 'Kelly', '1.00', '2025-04-12', '2017-11-01', 'employed', 'app'),
('Gelfand', 'Jeff', '1.00', '2025-07-25', '1998-10-19', 'employed', 'surgeon_md'),
('Goel', 'Aneesh', '1.00', '2025-07-09', '2020-09-07', 'employed', 'non_surgeon_md'),
('Hall', 'Sarah', '0.80', '2025-04-10', '2019-01-14', 'employed', 'app'),
('Hartke', 'Karen', '1.00', '2025-12-19', '2014-09-10', 'employed', 'app'),
('Hood', 'Katie', '0.50', '2025-06-03', '2023-03-26', 'employed', 'app'),
('Hoover', 'Justin', '1.00', '2025-03-16', '2013-08-12', 'employed', 'surgeon_md'),
('Hutchison', 'Rochelle', '1.00', '2025-03-24', '1997-11-01', 'employed', 'non_surgeon_md'),
('John-Betts', 'Dora', '1.00', '2025-05-19', '2021-02-01', 'employed', 'app'),
('Jones', 'Chris', '1.00', '2025-07-28', '2017-06-01', 'employed', 'surgeon_md'),
('Jones', 'Lindsey', '0.00', '2025-01-16', '2022-05-16', 'employed', 'non_surgeon_md'),
('Keblish', 'David', '1.00', '2025-12-01', '2015-06-30', 'employed', 'surgeon_md'),
('King', 'Paul', '1.00', '2025-10-04', '2014-10-01', 'employed', 'surgeon_md'),
('Koebel', 'Teresa', '1.00', '2025-03-26', '2014-09-08', 'employed', 'app'),
('Kolofer', 'Giovanna', '1.00', '2025-05-05', '2025-01-20', 'employed', 'app'),
('Krane', 'Bryn', '1.00', '2025-08-23', '2016-08-16', 'employed', 'app'),
('Lashgari', 'Cyrus', '1.00', '2025-07-22', '2002-08-19', 'employed', 'surgeon_md'),
('Levermore', 'Sandra', '1.00', '2025-02-28', '2017-07-10', 'employed', 'app'),
('MacDonald', 'James', '1.00', '2025-08-20', '2004-08-01', 'employed', 'surgeon_md'),
('Maley', 'Alyssa', '0.60', '2025-04-11', '2016-04-30', 'employed', 'app'),
('Mazza', 'Marisa', '1.00', '2025-04-06', '2022-04-24', 'employed', 'app'),
('Merrill', 'Julie', '0.60', '2025-06-26', '2025-08-11', 'employed', 'app'),
('Morris', 'Jennifer', '1.00', '2025-05-16', '2014-09-19', 'employed', 'app'),
('Mustafa', 'Loi\'y', '1.00', '2025-11-16', '0000-00-00', 'employed', 'surgeon_md'),
('Olubunmi', 'Abolanle', '1.00', '2025-05-15', '0000-00-00', 'employed', 'app'),
('Ortega', 'Jessica', '1.00', '2025-09-30', '2022-09-18', 'employed', 'app'),
('Ove', 'Norman', '1.00', '2025-12-17', '1989-08-01', 'employed', 'surgeon_md'),
('Patton', 'Chad', '1.00', '2025-09-04', '2011-06-05', 'employed', 'surgeon_md'),
('Petre', 'Ben', '1.00', '2025-05-16', '2012-09-17', 'employed', 'surgeon_md'),
('Pipkin', 'Karen', '0.00', '2025-06-10', '2014-06-30', 'employed', 'app'),
('Pipta', 'Michelle', '0.90', '2025-04-20', '2020-03-01', 'employed', 'app'),
('Platnick', 'Caty', '1.00', '2025-04-19', '1997-03-31', 'employed', 'app'),
('Poltrack', 'Angela', '0.80', '2025-08-29', '2023-03-12', 'employed', 'app'),
('Potter', 'Kathy', '0.50', '2025-05-12', '1987-09-14', 'employed', 'app'),
('Powers', 'George', '1.00', '2025-06-26', '2025-02-17', 'employed', 'app'),
('Redziniak ', 'Dan', '1.00', '2025-06-06', '2008-07-01', 'employed', 'surgeon_md'),
('Reid', 'Risa', '1.00', '2025-06-01', '2023-09-08', 'employed', 'surgeon_md'),
('Rodey', 'Lori', '1.00', '2025-12-11', '2021-06-28', 'employed', 'app'),
('Rodriguez', 'Juan', '1.00', '2025-11-01', '2016-08-29', 'employed', 'non_surgeon_md'),
('Rogness', 'Alec', '1.00', '2025-06-05', '2024-09-16', 'employed', 'app'),
('Schelberg', 'Emily', '0.00', '2025-11-25', '2015-12-15', 'employed', 'app'),
('Schmidt', 'Cheryl', '1.00', '2025-01-24', '2025-12-01', 'employed', 'app'),
('Schumacher', 'Jill', '1.00', '2025-11-06', '2012-10-30', 'employed', 'app'),
('Selya', 'Leoniod', '1.00', '2025-01-30', '0000-00-00', 'employed', 'surgeon_md'),
('Sharif', 'Kwasi', '1.00', '2025-12-29', '2017-08-28', 'employed', 'non_surgeon_md'),
('Shushan', 'Alex', '1.00', '2025-11-14', '2009-08-31', 'employed', 'surgeon_md'),
('Simpson ', 'Shawn', '1.00', '2025-12-18', '2023-04-16', 'employed', 'app'),
('Siska', 'Matt', '1.00', '2025-03-18', '2019-06-09', 'employed', 'app'),
('Smell', 'Hailey', '1.00', '2025-10-12', '2021-10-18', 'employed', 'app'),
('Speciale', 'Alex', '1.00', '2025-08-02', '2000-09-01', 'employed', 'surgeon_md'),
('Spirt', 'Adrienne', '1.00', '2025-10-04', '2010-08-18', 'employed', 'surgeon_md'),
('Strauss', 'Joe', '0.90', '2025-04-04', '2025-08-25', 'employed', 'surgeon_md'),
('Sullivan', 'Kayla', '0.00', '2025-07-29', '2025-06-15', 'employed', 'app'),
('Urbansky', 'Ethan', '1.00', '2025-12-11', '2025-09-22', 'employed', 'app'),
('Wall', 'Kristen', '1.00', '2025-05-15', '2025-05-19', 'employed', 'app'),
('Webber', 'Stephen', '1.00', '2025-04-28', '0000-00-00', 'employed', 'surgeon_md'),
('York', 'James', '1.00', '2025-08-16', '2014-07-31', 'employed', 'surgeon_md'),
('Zaidi', 'Aminda', '1.00', '2025-07-10', '2025-02-17', 'employed', 'app'),
('Zuskov', 'Andrey', '1.00', '2025-07-23', '2023-09-08', 'employed', 'surgeon_md');

-- --------------------------------------------------------

--
-- Table structure for table `oneCall_requests`
--

CREATE TABLE `oneCall_requests` (
  `id` int(11) NOT NULL,
  `user_id` int(11) NOT NULL,
  `request_type` enum('no_call','out_of_office','blackout','admin_lock') NOT NULL,
  `date` date NOT NULL,
  `notes` varchar(255) DEFAULT NULL,
  `created_at` timestamp NOT NULL DEFAULT CURRENT_TIMESTAMP
) ENGINE=InnoDB DEFAULT CHARSET=utf8mb4;

--
-- Dumping data for table `oneCall_requests`
--

INSERT INTO `oneCall_requests` (`id`, `user_id`, `request_type`, `date`, `notes`, `created_at`) VALUES
(1, 2, 'no_call', '2026-01-14', NULL, '2025-10-31 20:21:22'),
(2, 2, 'no_call', '2026-01-16', NULL, '2025-10-31 20:21:22'),
(3, 2, 'no_call', '2026-01-17', NULL, '2025-10-31 20:21:22'),
(4, 2, 'no_call', '2026-01-18', NULL, '2025-10-31 20:21:22'),
(5, 2, 'no_call', '2026-01-19', NULL, '2025-10-31 20:21:22'),
(6, 2, 'out_of_office', '2026-01-20', NULL, '2025-10-31 20:21:22'),
(7, 2, 'out_of_office', '2026-01-15', NULL, '2025-10-31 20:21:22'),
(8, 2, 'no_call', '2026-02-20', NULL, '2025-10-31 20:21:22'),
(9, 2, 'no_call', '2026-02-21', NULL, '2025-10-31 20:21:22'),
(10, 2, 'no_call', '2026-02-22', NULL, '2025-10-31 20:21:22'),
(11, 2, 'no_call', '2026-02-28', NULL, '2025-10-31 20:21:22'),
(12, 2, 'no_call', '2026-03-01', NULL, '2025-10-31 20:21:22'),
(13, 2, 'no_call', '2026-03-02', NULL, '2025-10-31 20:21:22'),
(14, 2, 'out_of_office', '2026-03-12', NULL, '2025-10-31 20:21:22'),
(15, 2, 'no_call', '2026-03-27', NULL, '2025-10-31 20:21:22'),
(16, 2, 'no_call', '2026-03-28', NULL, '2025-10-31 20:21:22'),
(17, 2, 'no_call', '2026-03-29', NULL, '2025-10-31 20:21:22'),
(18, 2, 'no_call', '2026-03-30', NULL, '2025-10-31 20:21:22'),
(19, 2, 'out_of_office', '2026-05-04', NULL, '2025-10-31 20:21:22'),
(20, 2, 'no_call', '2026-05-01', NULL, '2025-10-31 20:21:22'),
(21, 2, 'no_call', '2026-05-02', NULL, '2025-10-31 20:21:22'),
(22, 2, 'no_call', '2026-05-03', NULL, '2025-10-31 20:21:22'),
(23, 2, 'no_call', '2026-05-16', NULL, '2025-10-31 20:21:22'),
(24, 2, 'no_call', '2026-05-17', NULL, '2025-10-31 20:21:22'),
(25, 2, 'out_of_office', '2026-05-20', NULL, '2025-10-31 20:21:22'),
(26, 2, 'out_of_office', '2026-05-18', NULL, '2025-10-31 20:21:22'),
(27, 2, 'out_of_office', '2026-05-19', NULL, '2025-10-31 20:21:22'),
(28, 2, 'no_call', '2026-06-13', NULL, '2025-10-31 20:21:22'),
(29, 2, 'no_call', '2026-06-14', NULL, '2025-10-31 20:21:22'),
(30, 2, 'out_of_office', '2026-06-15', NULL, '2025-10-31 20:21:22'),
(31, 2, 'out_of_office', '2026-06-16', NULL, '2025-10-31 20:21:22'),
(32, 2, 'out_of_office', '2026-06-17', NULL, '2025-10-31 20:21:22'),
(33, 2, 'out_of_office', '2026-06-18', NULL, '2025-10-31 20:21:22'),
(34, 2, 'no_call', '2026-06-20', NULL, '2025-10-31 20:21:22'),
(35, 2, 'no_call', '2026-06-19', NULL, '2025-10-31 20:21:22'),
(36, 2, 'no_call', '2026-06-12', NULL, '2025-10-31 20:21:22'),
(37, 2, 'out_of_office', '2026-05-26', NULL, '2025-10-31 20:21:22'),
(38, 2, 'no_call', '2026-03-11', NULL, '2025-10-31 20:21:22'),
(39, 2, 'no_call', '2026-02-27', NULL, '2025-10-31 20:21:22'),
(40, 2, 'no_call', '2026-01-02', NULL, '2025-10-31 20:21:22'),
(41, 2, 'no_call', '2026-01-04', NULL, '2025-10-31 20:21:22'),
(42, 2, 'no_call', '2026-01-03', NULL, '2025-10-31 20:21:22'),
(43, 3, 'no_call', '2026-01-21', NULL, '2025-11-01 17:58:14'),
(44, 3, 'no_call', '2026-01-22', NULL, '2025-11-01 17:58:14'),
(45, 3, 'no_call', '2026-01-23', NULL, '2025-11-01 17:58:14'),
(46, 3, 'no_call', '2026-01-24', NULL, '2025-11-01 17:58:14'),
(47, 3, 'no_call', '2026-02-20', NULL, '2025-11-01 17:58:14'),
(48, 3, 'no_call', '2026-02-21', NULL, '2025-11-01 17:58:14'),
(49, 3, 'no_call', '2026-02-22', NULL, '2025-11-01 17:58:14'),
(50, 3, 'no_call', '2026-03-20', NULL, '2025-11-01 17:58:14'),
(51, 3, 'no_call', '2026-03-21', NULL, '2025-11-01 17:58:14'),
(52, 3, 'no_call', '2026-03-22', NULL, '2025-11-01 17:58:14'),
(53, 3, 'no_call', '2026-04-16', NULL, '2025-11-01 17:58:14'),
(54, 3, 'no_call', '2026-04-17', NULL, '2025-11-01 17:58:14'),
(55, 3, 'no_call', '2026-04-18', NULL, '2025-11-01 17:58:14'),
(56, 3, 'no_call', '2026-04-19', NULL, '2025-11-01 17:58:14'),
(57, 3, 'no_call', '2026-04-03', NULL, '2025-11-01 17:58:14'),
(58, 3, 'no_call', '2026-04-04', NULL, '2025-11-01 17:58:14'),
(59, 3, 'no_call', '2026-04-05', NULL, '2025-11-01 17:58:14'),
(60, 3, 'no_call', '2026-05-14', NULL, '2025-11-01 17:58:14'),
(61, 3, 'no_call', '2026-05-15', NULL, '2025-11-01 17:58:14'),
(62, 3, 'no_call', '2026-05-16', NULL, '2025-11-01 17:58:14'),
(63, 3, 'no_call', '2026-05-17', NULL, '2025-11-01 17:58:14'),
(64, 3, 'no_call', '2026-05-08', NULL, '2025-11-01 17:58:14'),
(65, 3, 'no_call', '2026-05-09', NULL, '2025-11-01 17:58:14'),
(66, 3, 'no_call', '2026-05-10', NULL, '2025-11-01 17:58:14'),
(67, 3, 'no_call', '2026-05-29', NULL, '2025-11-01 17:58:14'),
(68, 3, 'no_call', '2026-05-30', NULL, '2025-11-01 17:58:14'),
(69, 3, 'no_call', '2026-05-31', NULL, '2025-11-01 17:58:14'),
(70, 3, 'no_call', '2026-06-01', NULL, '2025-11-01 17:58:14'),
(71, 3, 'no_call', '2026-06-02', NULL, '2025-11-01 17:58:14'),
(72, 3, 'no_call', '2026-06-03', NULL, '2025-11-01 17:58:14'),
(73, 3, 'no_call', '2026-06-04', NULL, '2025-11-01 17:58:14'),
(74, 3, 'no_call', '2026-06-05', NULL, '2025-11-01 17:58:14'),
(75, 3, 'no_call', '2026-06-06', NULL, '2025-11-01 17:58:14'),
(76, 3, 'no_call', '2026-06-07', NULL, '2025-11-01 17:58:14'),
(77, 18, 'out_of_office', '2026-01-01', NULL, '2025-11-03 11:41:14'),
(78, 18, 'out_of_office', '2026-01-02', NULL, '2025-11-03 11:41:14'),
(79, 18, 'out_of_office', '2026-01-03', NULL, '2025-11-03 11:41:14'),
(80, 18, 'out_of_office', '2026-01-04', NULL, '2025-11-03 11:41:14'),
(81, 18, 'out_of_office', '2026-01-05', NULL, '2025-11-03 11:41:14'),
(82, 18, 'no_call', '2026-01-13', NULL, '2025-11-03 11:41:14'),
(83, 18, 'no_call', '2026-01-14', NULL, '2025-11-03 11:41:14'),
(84, 18, 'no_call', '2026-01-15', NULL, '2025-11-03 11:41:14'),
(85, 18, 'no_call', '2026-01-16', NULL, '2025-11-03 11:41:14'),
(86, 18, 'no_call', '2026-01-17', NULL, '2025-11-03 11:41:14'),
(87, 18, 'no_call', '2026-01-18', NULL, '2025-11-03 11:41:14'),
(88, 18, 'no_call', '2026-01-30', NULL, '2025-11-03 11:41:14'),
(89, 18, 'no_call', '2026-01-31', NULL, '2025-11-03 11:41:14'),
(90, 18, 'no_call', '2026-02-05', NULL, '2025-11-03 11:41:14'),
(91, 18, 'no_call', '2026-02-06', NULL, '2025-11-03 11:41:14'),
(92, 18, 'no_call', '2026-02-07', NULL, '2025-11-03 11:41:14'),
(93, 18, 'no_call', '2026-02-08', NULL, '2025-11-03 11:41:14'),
(94, 18, 'no_call', '2026-02-09', NULL, '2025-11-03 11:41:14'),
(95, 18, 'out_of_office', '2026-03-02', NULL, '2025-11-03 11:41:14'),
(96, 18, 'out_of_office', '2026-03-03', NULL, '2025-11-03 11:41:14'),
(97, 18, 'out_of_office', '2026-03-01', NULL, '2025-11-03 11:41:14'),
(98, 18, 'out_of_office', '2026-03-04', NULL, '2025-11-03 11:41:14'),
(99, 18, 'out_of_office', '2026-03-05', NULL, '2025-11-03 11:41:14'),
(100, 18, 'out_of_office', '2026-03-06', NULL, '2025-11-03 11:41:14'),
(101, 18, 'no_call', '2026-03-12', NULL, '2025-11-03 11:41:14'),
(102, 18, 'no_call', '2026-03-13', NULL, '2025-11-03 11:41:14'),
(103, 18, 'no_call', '2026-03-14', NULL, '2025-11-03 11:41:14'),
(104, 18, 'no_call', '2026-03-15', NULL, '2025-11-03 11:41:14'),
(105, 18, 'no_call', '2026-03-16', NULL, '2025-11-03 11:41:14'),
(106, 18, 'no_call', '2026-04-02', NULL, '2025-11-03 11:41:14'),
(107, 18, 'no_call', '2026-04-03', NULL, '2025-11-03 11:41:14'),
(108, 18, 'no_call', '2026-04-04', NULL, '2025-11-03 11:41:14'),
(109, 18, 'no_call', '2026-04-05', NULL, '2025-11-03 11:41:14'),
(110, 18, 'no_call', '2026-04-06', NULL, '2025-11-03 11:41:14'),
(111, 18, 'no_call', '2026-04-23', NULL, '2025-11-03 11:41:14'),
(112, 18, 'no_call', '2026-04-24', NULL, '2025-11-03 11:41:14'),
(113, 18, 'no_call', '2026-04-25', NULL, '2025-11-03 11:41:14'),
(114, 18, 'no_call', '2026-04-26', NULL, '2025-11-03 11:41:14'),
(115, 18, 'no_call', '2026-04-27', NULL, '2025-11-03 11:41:14'),
(116, 18, 'no_call', '2026-05-01', NULL, '2025-11-03 11:41:14'),
(117, 18, 'no_call', '2026-05-02', NULL, '2025-11-03 11:41:14'),
(118, 18, 'no_call', '2026-05-03', NULL, '2025-11-03 11:41:14'),
(119, 18, 'no_call', '2026-05-04', NULL, '2025-11-03 11:41:14'),
(120, 18, 'no_call', '2026-05-05', NULL, '2025-11-03 11:41:14'),
(121, 18, 'no_call', '2026-05-29', NULL, '2025-11-03 11:41:14'),
(122, 18, 'no_call', '2026-05-30', NULL, '2025-11-03 11:41:14'),
(123, 18, 'no_call', '2026-06-01', NULL, '2025-11-03 11:41:14'),
(124, 16, 'no_call', '2026-01-12', NULL, '2025-11-07 20:19:04'),
(125, 16, 'no_call', '2026-01-13', NULL, '2025-11-07 20:19:04'),
(126, 16, 'no_call', '2026-01-14', NULL, '2025-11-07 20:19:04'),
(127, 16, 'no_call', '2026-01-11', NULL, '2025-11-07 20:19:04'),
(128, 16, 'no_call', '2026-01-10', NULL, '2025-11-07 20:19:04'),
(129, 16, 'no_call', '2026-01-09', NULL, '2025-11-07 20:19:04'),
(130, 16, 'no_call', '2026-01-08', NULL, '2025-11-07 20:19:04'),
(131, 16, 'no_call', '2026-01-01', NULL, '2025-11-07 20:19:04'),
(132, 16, 'no_call', '2026-01-02', NULL, '2025-11-07 20:19:04'),
(133, 16, 'no_call', '2026-01-03', NULL, '2025-11-07 20:19:04'),
(134, 16, 'no_call', '2026-01-04', NULL, '2025-11-07 20:19:04'),
(135, 16, 'no_call', '2026-01-05', NULL, '2025-11-07 20:19:04'),
(136, 16, 'no_call', '2026-01-06', NULL, '2025-11-07 20:19:04'),
(137, 16, 'no_call', '2026-01-07', NULL, '2025-11-07 20:19:04'),
(138, 16, 'no_call', '2026-04-02', NULL, '2025-11-07 20:19:04'),
(139, 16, 'no_call', '2026-04-03', NULL, '2025-11-07 20:19:04'),
(140, 16, 'no_call', '2026-04-04', NULL, '2025-11-07 20:19:04'),
(141, 16, 'no_call', '2026-04-01', NULL, '2025-11-07 20:19:04'),
(142, 16, 'no_call', '2026-04-05', NULL, '2025-11-07 20:19:04'),
(143, 16, 'no_call', '2026-04-06', NULL, '2025-11-07 20:19:04'),
(144, 16, 'no_call', '2026-04-07', NULL, '2025-11-07 20:19:04'),
(145, 16, 'no_call', '2026-04-08', NULL, '2025-11-07 20:19:04'),
(146, 16, 'no_call', '2026-04-09', NULL, '2025-11-07 20:19:04'),
(147, 16, 'no_call', '2026-04-10', NULL, '2025-11-07 20:19:04'),
(148, 16, 'no_call', '2026-04-11', NULL, '2025-11-07 20:19:04'),
(149, 16, 'no_call', '2026-04-12', NULL, '2025-11-07 20:19:04'),
(150, 16, 'no_call', '2026-04-13', NULL, '2025-11-07 20:19:04'),
(151, 16, 'no_call', '2026-04-24', NULL, '2025-11-07 20:19:04'),
(152, 16, 'no_call', '2026-04-23', NULL, '2025-11-07 20:19:04'),
(153, 16, 'no_call', '2026-04-25', NULL, '2025-11-07 20:19:04'),
(154, 16, 'no_call', '2026-04-26', NULL, '2025-11-07 20:19:04'),
(155, 16, 'no_call', '2026-04-27', NULL, '2025-11-07 20:19:04'),
(156, 16, 'no_call', '2026-05-30', NULL, '2025-11-07 20:19:04'),
(157, 16, 'no_call', '2026-05-31', NULL, '2025-11-07 20:19:04'),
(158, 16, 'no_call', '2026-05-16', NULL, '2025-11-07 20:19:04'),
(159, 16, 'no_call', '2026-05-17', NULL, '2025-11-07 20:19:04'),
(160, 16, 'no_call', '2026-05-15', NULL, '2025-11-07 20:19:04'),
(161, 16, 'no_call', '2026-05-29', NULL, '2025-11-07 20:19:04'),
(162, 16, 'no_call', '2026-05-28', NULL, '2025-11-07 20:19:04'),
(163, 16, 'no_call', '2026-05-14', NULL, '2025-11-07 20:19:04'),
(164, 16, 'no_call', '2026-06-05', NULL, '2025-11-07 20:19:04'),
(165, 16, 'no_call', '2026-06-06', NULL, '2025-11-07 20:19:04'),
(166, 16, 'no_call', '2026-06-07', NULL, '2025-11-07 20:19:04'),
(167, 16, 'no_call', '2026-06-04', NULL, '2025-11-07 20:19:04'),
(168, 11, 'no_call', '2026-01-01', NULL, '2025-11-08 05:25:14'),
(169, 11, 'no_call', '2026-01-12', NULL, '2025-11-08 05:25:14'),
(170, 11, 'no_call', '2026-01-02', NULL, '2025-11-08 05:25:14'),
(171, 11, 'no_call', '2026-01-03', NULL, '2025-11-08 05:25:14'),
(172, 11, 'no_call', '2026-01-11', NULL, '2025-11-08 05:25:14'),
(173, 11, 'no_call', '2026-01-10', NULL, '2025-11-08 05:25:14'),
(174, 11, 'no_call', '2026-01-13', NULL, '2025-11-08 05:25:14'),
(175, 11, 'no_call', '2026-03-31', NULL, '2025-11-08 05:25:14'),
(176, 11, 'no_call', '2026-03-30', NULL, '2025-11-08 05:25:14'),
(177, 11, 'no_call', '2026-04-01', NULL, '2025-11-08 05:25:14'),
(178, 11, 'no_call', '2026-03-27', NULL, '2025-11-08 05:25:14'),
(179, 11, 'no_call', '2026-03-28', NULL, '2025-11-08 05:25:14'),
(180, 11, 'no_call', '2026-03-29', NULL, '2025-11-08 05:25:14'),
(181, 11, 'no_call', '2026-02-06', NULL, '2025-11-08 05:25:14'),
(182, 11, 'no_call', '2026-02-13', NULL, '2025-11-08 05:25:14'),
(183, 11, 'no_call', '2026-02-20', NULL, '2025-11-08 05:25:14'),
(184, 11, 'no_call', '2026-02-27', NULL, '2025-11-08 05:25:14'),
(185, 11, 'no_call', '2026-02-07', NULL, '2025-11-08 05:25:14'),
(186, 11, 'no_call', '2026-02-21', NULL, '2025-11-08 05:25:14'),
(187, 11, 'no_call', '2026-02-28', NULL, '2025-11-08 05:25:14'),
(188, 11, 'no_call', '2026-04-04', NULL, '2025-11-08 05:25:14'),
(189, 11, 'no_call', '2026-04-03', NULL, '2025-11-08 05:25:14'),
(190, 11, 'no_call', '2026-04-10', NULL, '2025-11-08 05:25:14'),
(191, 11, 'no_call', '2026-04-24', NULL, '2025-11-08 05:25:14'),
(192, 11, 'no_call', '2026-04-17', NULL, '2025-11-08 05:25:14'),
(193, 11, 'no_call', '2026-04-25', NULL, '2025-11-08 05:25:14'),
(194, 11, 'no_call', '2026-04-11', NULL, '2025-11-08 05:25:14'),
(195, 11, 'no_call', '2026-06-12', NULL, '2025-11-08 05:25:14'),
(196, 11, 'no_call', '2026-06-13', NULL, '2025-11-08 05:25:14'),
(197, 11, 'no_call', '2026-06-06', NULL, '2025-11-08 05:25:14'),
(198, 11, 'no_call', '2026-06-07', NULL, '2025-11-08 05:25:14'),
(199, 11, 'no_call', '2026-05-24', NULL, '2025-11-08 05:25:14'),
(200, 11, 'no_call', '2026-05-22', NULL, '2025-11-08 05:25:14'),
(201, 11, 'no_call', '2026-05-23', NULL, '2025-11-08 05:25:14'),
(202, 11, 'no_call', '2026-04-05', NULL, '2025-11-08 05:25:14'),
(203, 11, 'no_call', '2026-05-29', NULL, '2025-11-08 05:25:14'),
(204, 11, 'no_call', '2026-06-05', NULL, '2025-11-08 05:25:14'),
(205, 11, 'no_call', '2026-06-26', NULL, '2025-11-08 05:25:14'),
(206, 11, 'no_call', '2026-06-19', NULL, '2025-11-08 05:25:14'),
(207, 11, 'no_call', '2026-05-15', NULL, '2025-11-08 05:25:14'),
(208, 11, 'no_call', '2026-05-08', NULL, '2025-11-08 05:25:14'),
(209, 11, 'no_call', '2026-05-01', NULL, '2025-11-08 05:25:14'),
(210, 11, 'no_call', '2026-04-16', NULL, '2025-11-08 05:25:14'),
(211, 11, 'no_call', '2026-05-21', NULL, '2025-11-08 05:25:14'),
(212, 11, 'no_call', '2026-03-21', NULL, '2025-11-08 05:25:14'),
(213, 11, 'no_call', '2026-03-07', NULL, '2025-11-08 05:25:14'),
(214, 11, 'no_call', '2026-03-06', NULL, '2025-11-08 05:25:14'),
(215, 11, 'no_call', '2026-03-13', NULL, '2025-11-08 05:25:14'),
(216, 11, 'no_call', '2026-03-20', NULL, '2025-11-08 05:25:14'),
(217, 11, 'no_call', '2026-01-09', NULL, '2025-11-08 05:25:14'),
(218, 11, 'no_call', '2026-01-16', NULL, '2025-11-08 05:25:14'),
(219, 11, 'no_call', '2026-01-23', NULL, '2025-11-08 05:25:14'),
(220, 11, 'no_call', '2026-01-30', NULL, '2025-11-08 05:25:14'),
(221, 11, 'no_call', '2026-05-02', NULL, '2025-11-08 05:25:14'),
(222, 11, 'no_call', '2026-05-09', NULL, '2025-11-08 05:25:14'),
(223, 11, 'no_call', '2026-06-08', NULL, '2025-11-08 05:25:14'),
(224, 11, 'no_call', '2026-06-09', NULL, '2025-11-08 05:25:14'),
(225, 11, 'no_call', '2026-06-10', NULL, '2025-11-08 05:25:14'),
(226, 11, 'no_call', '2026-06-11', NULL, '2025-11-08 05:25:14'),
(227, 22, 'no_call', '2026-03-23', NULL, '2025-11-08 17:11:54'),
(228, 22, 'no_call', '2026-03-16', NULL, '2025-11-08 17:11:54'),
(229, 22, 'no_call', '2026-03-14', NULL, '2025-11-08 17:11:54'),
(230, 22, 'no_call', '2026-03-15', NULL, '2025-11-08 17:11:54'),
(231, 22, 'no_call', '2026-03-22', NULL, '2025-11-08 17:11:54'),
(232, 22, 'no_call', '2026-03-17', NULL, '2025-11-08 17:11:54'),
(233, 22, 'no_call', '2026-03-24', NULL, '2025-11-08 17:11:54'),
(234, 22, 'no_call', '2026-03-18', NULL, '2025-11-08 17:11:54'),
(235, 22, 'no_call', '2026-03-25', NULL, '2025-11-08 17:11:54'),
(236, 22, 'no_call', '2026-03-19', NULL, '2025-11-08 17:11:54'),
(237, 22, 'no_call', '2026-03-26', NULL, '2025-11-08 17:11:54'),
(238, 22, 'no_call', '2026-03-20', NULL, '2025-11-08 17:11:54'),
(239, 22, 'no_call', '2026-03-27', NULL, '2025-11-08 17:11:54'),
(240, 22, 'no_call', '2026-03-21', NULL, '2025-11-08 17:11:54'),
(241, 22, 'no_call', '2026-03-28', NULL, '2025-11-08 17:11:54'),
(242, 22, 'no_call', '2026-03-29', NULL, '2025-11-08 17:11:54'),
(243, 22, 'no_call', '2026-01-30', NULL, '2025-11-08 17:11:54'),
(244, 22, 'no_call', '2026-01-31', NULL, '2025-11-08 17:11:54'),
(245, 22, 'no_call', '2026-02-01', NULL, '2025-11-08 17:11:54'),
(246, 22, 'no_call', '2026-06-05', NULL, '2025-11-08 17:11:54'),
(247, 22, 'no_call', '2026-06-06', NULL, '2025-11-08 17:11:54'),
(248, 22, 'no_call', '2026-06-07', NULL, '2025-11-08 17:11:54'),
(249, 22, 'no_call', '2026-06-08', NULL, '2025-11-08 17:11:54'),
(250, 22, 'no_call', '2026-06-09', NULL, '2025-11-08 17:11:54'),
(251, 22, 'no_call', '2026-06-10', NULL, '2025-11-08 17:11:54'),
(252, 22, 'no_call', '2026-06-11', NULL, '2025-11-08 17:11:54'),
(253, 22, 'no_call', '2026-06-12', NULL, '2025-11-08 17:11:54'),
(254, 22, 'no_call', '2026-06-13', NULL, '2025-11-08 17:11:54'),
(255, 22, 'no_call', '2026-06-14', NULL, '2025-11-08 17:11:54'),
(256, 22, 'no_call', '2026-06-15', NULL, '2025-11-08 17:11:54'),
(257, 22, 'no_call', '2026-06-16', NULL, '2025-11-08 17:11:54'),
(258, 22, 'no_call', '2026-06-17', NULL, '2025-11-08 17:11:54'),
(259, 22, 'no_call', '2026-06-18', NULL, '2025-11-08 17:11:54'),
(260, 22, 'no_call', '2026-06-19', NULL, '2025-11-08 17:11:54'),
(261, 22, 'no_call', '2026-06-20', NULL, '2025-11-08 17:11:54'),
(262, 22, 'no_call', '2026-06-21', NULL, '2025-11-08 17:11:54'),
(263, 27, 'out_of_office', '2026-01-02', NULL, '2025-11-09 20:42:59'),
(264, 27, 'out_of_office', '2026-02-14', NULL, '2025-11-09 20:42:59'),
(265, 27, 'out_of_office', '2026-02-15', NULL, '2025-11-09 20:42:59'),
(266, 27, 'out_of_office', '2026-02-16', NULL, '2025-11-09 20:42:59'),
(267, 27, 'out_of_office', '2026-02-17', NULL, '2025-11-09 20:42:59'),
(268, 27, 'out_of_office', '2026-02-18', NULL, '2025-11-09 20:42:59'),
(269, 27, 'out_of_office', '2026-02-19', NULL, '2025-11-09 20:42:59'),
(270, 27, 'out_of_office', '2026-02-20', NULL, '2025-11-09 20:42:59'),
(271, 27, 'out_of_office', '2026-02-28', NULL, '2025-11-09 20:42:59'),
(272, 27, 'out_of_office', '2026-03-01', NULL, '2025-11-09 20:42:59'),
(273, 27, 'out_of_office', '2026-06-18', NULL, '2025-11-09 20:42:59'),
(274, 27, 'out_of_office', '2026-05-24', NULL, '2025-11-09 20:42:59'),
(275, 27, 'out_of_office', '2026-05-25', NULL, '2025-11-09 20:42:59'),
(276, 6, 'out_of_office', '2026-01-01', NULL, '2025-11-10 14:34:53'),
(277, 6, 'out_of_office', '2026-01-02', NULL, '2025-11-10 14:34:53'),
(278, 6, 'out_of_office', '2026-01-03', NULL, '2025-11-10 14:34:53'),
(279, 6, 'out_of_office', '2026-01-04', NULL, '2025-11-10 14:34:53'),
(280, 6, 'out_of_office', '2026-01-16', NULL, '2025-11-10 14:34:53'),
(281, 6, 'out_of_office', '2026-01-17', NULL, '2025-11-10 14:34:53'),
(282, 6, 'out_of_office', '2026-01-18', NULL, '2025-11-10 14:34:53'),
(283, 6, 'out_of_office', '2026-01-19', NULL, '2025-11-10 14:34:53'),
(284, 6, 'out_of_office', '2026-01-20', NULL, '2025-11-10 14:34:53'),
(285, 6, 'out_of_office', '2026-02-16', NULL, '2025-11-10 14:34:53'),
(286, 6, 'out_of_office', '2026-03-06', NULL, '2025-11-10 14:34:53'),
(287, 6, 'out_of_office', '2026-03-07', NULL, '2025-11-10 14:34:53'),
(288, 6, 'out_of_office', '2026-03-08', NULL, '2025-11-10 14:34:53'),
(289, 6, 'out_of_office', '2026-03-09', NULL, '2025-11-10 14:34:53'),
(290, 6, 'out_of_office', '2026-03-10', NULL, '2025-11-10 14:34:53'),
(291, 6, 'no_call', '2026-03-19', NULL, '2025-11-10 14:34:53'),
(292, 6, 'out_of_office', '2026-03-27', NULL, '2025-11-10 14:34:53'),
(293, 6, 'out_of_office', '2026-03-28', NULL, '2025-11-10 14:34:53'),
(294, 6, 'out_of_office', '2026-03-29', NULL, '2025-11-10 14:34:53'),
(295, 6, 'out_of_office', '2026-03-30', NULL, '2025-11-10 14:34:53'),
(296, 6, 'out_of_office', '2026-03-31', NULL, '2025-11-10 14:34:53'),
(297, 6, 'out_of_office', '2026-04-01', NULL, '2025-11-10 14:34:53'),
(298, 6, 'out_of_office', '2026-04-02', NULL, '2025-11-10 14:34:53'),
(299, 6, 'out_of_office', '2026-04-03', NULL, '2025-11-10 14:34:53'),
(300, 6, 'out_of_office', '2026-04-04', NULL, '2025-11-10 14:34:53'),
(301, 6, 'out_of_office', '2026-04-05', NULL, '2025-11-10 14:34:53'),
(302, 6, 'out_of_office', '2026-04-06', NULL, '2025-11-10 14:34:53'),
(303, 6, 'no_call', '2026-05-16', NULL, '2025-11-10 14:34:53'),
(304, 6, 'no_call', '2026-06-16', NULL, '2025-11-10 14:34:53'),
(305, 5, 'no_call', '2026-01-07', NULL, '2025-11-11 02:01:33'),
(306, 5, 'no_call', '2026-01-10', NULL, '2025-11-11 02:01:33'),
(307, 5, 'no_call', '2026-01-11', NULL, '2025-11-11 02:01:33'),
(308, 5, 'out_of_office', '2026-01-15', NULL, '2025-11-11 02:01:33'),
(309, 5, 'no_call', '2026-01-21', NULL, '2025-11-11 02:01:33'),
(310, 5, 'no_call', '2026-01-23', NULL, '2025-11-11 02:01:33'),
(311, 5, 'no_call', '2026-01-24', NULL, '2025-11-11 02:01:33'),
(312, 5, 'no_call', '2026-01-25', NULL, '2025-11-11 02:01:33'),
(313, 5, 'no_call', '2026-01-28', NULL, '2025-11-11 02:01:33'),
(314, 5, 'no_call', '2026-02-04', NULL, '2025-11-11 02:01:33'),
(315, 5, 'no_call', '2026-02-06', NULL, '2025-11-11 02:01:33'),
(316, 5, 'no_call', '2026-02-07', NULL, '2025-11-11 02:01:33'),
(317, 5, 'no_call', '2026-02-08', NULL, '2025-11-11 02:01:33'),
(318, 5, 'no_call', '2026-02-11', NULL, '2025-11-11 02:01:33'),
(319, 5, 'no_call', '2026-02-18', NULL, '2025-11-11 02:01:33'),
(320, 5, 'no_call', '2026-02-20', NULL, '2025-11-11 02:01:33'),
(321, 5, 'no_call', '2026-02-21', NULL, '2025-11-11 02:01:33'),
(322, 5, 'no_call', '2026-02-22', NULL, '2025-11-11 02:01:33'),
(323, 5, 'no_call', '2026-02-25', NULL, '2025-11-11 02:01:33'),
(324, 5, 'no_call', '2026-03-04', NULL, '2025-11-11 02:01:33'),
(325, 5, 'no_call', '2026-03-06', NULL, '2025-11-11 02:01:33'),
(326, 5, 'no_call', '2026-03-07', NULL, '2025-11-11 02:01:33'),
(327, 5, 'no_call', '2026-03-08', NULL, '2025-11-11 02:01:33'),
(328, 5, 'no_call', '2026-03-11', NULL, '2025-11-11 02:01:33'),
(329, 5, 'no_call', '2026-03-18', NULL, '2025-11-11 02:01:33'),
(330, 5, 'no_call', '2026-03-20', NULL, '2025-11-11 02:01:33'),
(331, 5, 'no_call', '2026-03-21', NULL, '2025-11-11 02:01:33'),
(332, 5, 'no_call', '2026-03-22', NULL, '2025-11-11 02:01:33'),
(333, 5, 'no_call', '2026-03-25', NULL, '2025-11-11 02:01:33'),
(334, 5, 'no_call', '2026-04-02', NULL, '2025-11-11 02:01:33'),
(335, 5, 'no_call', '2026-04-03', NULL, '2025-11-11 02:01:33'),
(336, 5, 'no_call', '2026-04-04', NULL, '2025-11-11 02:01:33'),
(337, 5, 'no_call', '2026-04-05', NULL, '2025-11-11 02:01:33'),
(338, 5, 'no_call', '2026-04-06', NULL, '2025-11-11 02:01:33'),
(339, 5, 'no_call', '2026-04-08', NULL, '2025-11-11 02:01:33'),
(340, 5, 'no_call', '2026-04-15', NULL, '2025-11-11 02:01:33'),
(341, 5, 'no_call', '2026-04-17', NULL, '2025-11-11 02:01:33'),
(342, 5, 'no_call', '2026-04-18', NULL, '2025-11-11 02:01:33'),
(343, 5, 'no_call', '2026-04-19', NULL, '2025-11-11 02:01:33'),
(344, 5, 'no_call', '2026-04-22', NULL, '2025-11-11 02:01:33'),
(345, 5, 'no_call', '2026-04-29', NULL, '2025-11-11 02:01:33'),
(346, 5, 'no_call', '2026-05-01', NULL, '2025-11-11 02:01:33'),
(347, 5, 'no_call', '2026-05-02', NULL, '2025-11-11 02:01:33'),
(348, 5, 'no_call', '2026-05-03', NULL, '2025-11-11 02:01:33'),
(349, 5, 'no_call', '2026-05-06', NULL, '2025-11-11 02:01:33'),
(350, 5, 'no_call', '2026-05-13', NULL, '2025-11-11 02:01:33'),
(351, 5, 'no_call', '2026-05-15', NULL, '2025-11-11 02:01:33'),
(352, 5, 'no_call', '2026-05-16', NULL, '2025-11-11 02:01:33'),
(353, 5, 'no_call', '2026-05-17', NULL, '2025-11-11 02:01:33'),
(354, 5, 'no_call', '2026-05-20', NULL, '2025-11-11 02:01:33'),
(355, 5, 'no_call', '2026-05-27', NULL, '2025-11-11 02:01:33'),
(356, 5, 'no_call', '2026-05-29', NULL, '2025-11-11 02:01:33'),
(357, 5, 'no_call', '2026-05-30', NULL, '2025-11-11 02:01:33'),
(358, 5, 'no_call', '2026-05-31', NULL, '2025-11-11 02:01:33'),
(359, 5, 'no_call', '2026-06-03', NULL, '2025-11-11 02:01:33'),
(360, 5, 'no_call', '2026-06-10', NULL, '2025-11-11 02:01:33'),
(361, 5, 'no_call', '2026-06-12', NULL, '2025-11-11 02:01:33'),
(362, 5, 'no_call', '2026-06-13', NULL, '2025-11-11 02:01:33'),
(363, 5, 'no_call', '2026-06-14', NULL, '2025-11-11 02:01:33'),
(364, 5, 'out_of_office', '2026-01-16', NULL, '2025-11-11 02:01:33'),
(365, 7, 'no_call', '2026-01-30', NULL, '2025-11-13 01:05:29'),
(366, 7, 'no_call', '2026-01-31', NULL, '2025-11-13 01:05:29'),
(367, 7, 'no_call', '2026-02-01', NULL, '2025-11-13 01:05:29'),
(368, 7, 'no_call', '2026-03-15', NULL, '2025-11-13 01:05:29'),
(369, 7, 'no_call', '2026-03-16', NULL, '2025-11-13 01:05:29'),
(370, 7, 'no_call', '2026-03-17', NULL, '2025-11-13 01:05:29'),
(371, 7, 'no_call', '2026-03-18', NULL, '2025-11-13 01:05:29'),
(372, 7, 'no_call', '2026-03-19', NULL, '2025-11-13 01:05:29'),
(373, 7, 'out_of_office', '2026-04-10', NULL, '2025-11-13 01:05:29'),
(374, 7, 'out_of_office', '2026-04-11', NULL, '2025-11-13 01:05:29'),
(375, 7, 'out_of_office', '2026-04-12', NULL, '2025-11-13 01:05:29'),
(376, 7, 'no_call', '2026-05-08', NULL, '2025-11-13 01:05:29'),
(377, 7, 'out_of_office', '2026-06-26', NULL, '2025-11-13 01:05:29'),
(378, 7, 'out_of_office', '2026-06-27', NULL, '2025-11-13 01:05:29'),
(379, 7, 'out_of_office', '2026-06-28', NULL, '2025-11-13 01:05:29'),
(380, 7, 'out_of_office', '2026-06-29', NULL, '2025-11-13 01:05:29'),
(381, 7, 'out_of_office', '2026-06-30', NULL, '2025-11-13 01:05:29'),
(382, 7, 'no_call', '2026-01-16', NULL, '2025-11-13 01:05:29'),
(383, 7, 'no_call', '2026-01-20', NULL, '2025-11-13 01:05:29'),
(384, 7, 'no_call', '2026-01-21', NULL, '2025-11-13 01:05:29'),
(385, 7, 'no_call', '2026-01-22', NULL, '2025-11-13 01:05:29'),
(386, 7, 'no_call', '2026-02-02', NULL, '2025-11-13 01:05:29'),
(387, 7, 'no_call', '2026-02-03', NULL, '2025-11-13 01:05:29'),
(388, 7, 'no_call', '2026-02-04', NULL, '2025-11-13 01:05:29'),
(389, 7, 'no_call', '2026-02-05', NULL, '2025-11-13 01:05:29'),
(390, 7, 'no_call', '2026-02-13', NULL, '2025-11-13 01:05:29'),
(391, 7, 'no_call', '2026-02-17', NULL, '2025-11-13 01:05:29'),
(392, 7, 'no_call', '2026-02-18', NULL, '2025-11-13 01:05:29'),
(393, 7, 'no_call', '2026-02-19', NULL, '2025-11-13 01:05:29'),
(394, 7, 'no_call', '2026-02-27', NULL, '2025-11-13 01:05:29'),
(395, 7, 'no_call', '2026-02-28', NULL, '2025-11-13 01:05:29'),
(396, 7, 'no_call', '2026-03-01', NULL, '2025-11-13 01:05:29'),
(397, 7, 'no_call', '2026-03-02', NULL, '2025-11-13 01:05:29'),
(398, 7, 'no_call', '2026-03-03', NULL, '2025-11-13 01:05:29'),
(399, 7, 'no_call', '2026-03-04', NULL, '2025-11-13 01:05:29'),
(400, 7, 'no_call', '2026-03-05', NULL, '2025-11-13 01:05:29'),
(401, 7, 'no_call', '2026-03-27', NULL, '2025-11-13 01:05:29'),
(402, 7, 'no_call', '2026-03-30', NULL, '2025-11-13 01:05:29'),
(403, 7, 'no_call', '2026-03-31', NULL, '2025-11-13 01:05:29'),
(404, 7, 'no_call', '2026-04-01', NULL, '2025-11-13 01:05:29'),
(405, 7, 'no_call', '2026-04-02', NULL, '2025-11-13 01:05:29'),
(406, 7, 'no_call', '2026-04-14', NULL, '2025-11-13 01:05:29'),
(407, 7, 'no_call', '2026-04-15', NULL, '2025-11-13 01:05:29'),
(408, 7, 'no_call', '2026-04-16', NULL, '2025-11-13 01:05:29'),
(409, 7, 'out_of_office', '2026-04-24', NULL, '2025-11-13 01:05:29'),
(410, 7, 'out_of_office', '2026-04-25', NULL, '2025-11-13 01:05:29'),
(411, 7, 'out_of_office', '2026-04-26', NULL, '2025-11-13 01:05:29'),
(412, 7, 'no_call', '2026-04-28', NULL, '2025-11-13 01:05:29'),
(413, 7, 'no_call', '2026-04-29', NULL, '2025-11-13 01:05:29'),
(414, 7, 'no_call', '2026-04-30', NULL, '2025-11-13 01:05:29'),
(415, 7, 'no_call', '2026-05-12', NULL, '2025-11-13 01:05:29'),
(416, 7, 'no_call', '2026-05-13', NULL, '2025-11-13 01:05:29'),
(417, 7, 'no_call', '2026-05-14', NULL, '2025-11-13 01:05:29'),
(418, 7, 'out_of_office', '2026-05-22', NULL, '2025-11-13 01:05:29'),
(419, 7, 'out_of_office', '2026-05-23', NULL, '2025-11-13 01:05:29'),
(420, 7, 'out_of_office', '2026-05-24', NULL, '2025-11-13 01:05:29'),
(421, 7, 'no_call', '2026-05-26', NULL, '2025-11-13 01:05:29'),
(422, 7, 'no_call', '2026-05-27', NULL, '2025-11-13 01:05:29'),
(423, 7, 'no_call', '2026-05-28', NULL, '2025-11-13 01:05:29'),
(424, 7, 'no_call', '2026-06-09', NULL, '2025-11-13 01:05:29'),
(425, 24, 'no_call', '2026-02-07', NULL, '2025-11-13 01:09:16'),
(426, 24, 'no_call', '2026-02-08', NULL, '2025-11-13 01:09:16'),
(427, 24, 'out_of_office', '2026-02-09', NULL, '2025-11-13 01:09:16'),
(428, 24, 'no_call', '2026-02-20', NULL, '2025-11-13 01:09:16'),
(429, 24, 'no_call', '2026-02-21', NULL, '2025-11-13 01:09:16'),
(430, 24, 'no_call', '2026-02-22', NULL, '2025-11-13 01:09:16'),
(431, 24, 'no_call', '2026-04-05', NULL, '2025-11-13 01:09:16'),
(432, 24, 'no_call', '2026-05-10', NULL, '2025-11-13 01:09:16'),
(433, 24, 'out_of_office', '2026-05-22', NULL, '2025-11-13 01:09:16'),
(434, 24, 'no_call', '2026-05-23', NULL, '2025-11-13 01:09:16'),
(435, 24, 'no_call', '2026-05-24', NULL, '2025-11-13 01:09:16'),
(436, 24, 'no_call', '2026-05-30', NULL, '2025-11-13 01:09:16'),
(437, 24, 'no_call', '2026-05-31', NULL, '2025-11-13 01:09:16'),
(438, 24, 'out_of_office', '2026-06-23', NULL, '2025-11-13 01:09:16'),
(439, 30, 'out_of_office', '2026-01-01', NULL, '2025-11-13 23:41:30'),
(440, 30, 'out_of_office', '2026-01-02', NULL, '2025-11-13 23:41:30'),
(441, 30, 'no_call', '2026-01-03', NULL, '2025-11-13 23:41:30'),
(442, 30, 'no_call', '2026-01-04', NULL, '2025-11-13 23:41:30'),
(443, 30, 'out_of_office', '2026-01-05', NULL, '2025-11-13 23:41:30'),
(444, 30, 'no_call', '2026-01-19', NULL, '2025-11-13 23:41:30'),
(445, 30, 'no_call', '2026-02-13', NULL, '2025-11-13 23:41:30'),
(446, 30, 'no_call', '2026-02-14', NULL, '2025-11-13 23:41:30'),
(447, 30, 'no_call', '2026-02-15', NULL, '2025-11-13 23:41:30'),
(448, 30, 'no_call', '2026-02-16', NULL, '2025-11-13 23:41:30'),
(449, 30, 'out_of_office', '2026-02-27', NULL, '2025-11-13 23:41:30'),
(450, 30, 'no_call', '2026-02-28', NULL, '2025-11-13 23:41:30'),
(451, 30, 'no_call', '2026-03-01', NULL, '2025-11-13 23:41:30'),
(452, 30, 'no_call', '2026-03-20', NULL, '2025-11-13 23:41:30'),
(453, 30, 'no_call', '2026-03-21', NULL, '2025-11-13 23:41:30'),
(454, 30, 'no_call', '2026-03-22', NULL, '2025-11-13 23:41:30'),
(455, 30, 'out_of_office', '2026-03-23', NULL, '2025-11-13 23:41:30'),
(456, 30, 'out_of_office', '2026-03-24', NULL, '2025-11-13 23:41:30'),
(457, 30, 'out_of_office', '2026-03-25', NULL, '2025-11-13 23:41:30'),
(458, 30, 'out_of_office', '2026-03-26', NULL, '2025-11-13 23:41:30'),
(459, 30, 'out_of_office', '2026-03-27', NULL, '2025-11-13 23:41:30'),
(460, 30, 'no_call', '2026-03-28', NULL, '2025-11-13 23:41:30'),
(461, 30, 'no_call', '2026-03-29', NULL, '2025-11-13 23:41:30'),
(462, 30, 'out_of_office', '2026-03-30', NULL, '2025-11-13 23:41:30'),
(463, 30, 'out_of_office', '2026-04-24', NULL, '2025-11-13 23:41:30'),
(464, 30, 'no_call', '2026-04-25', NULL, '2025-11-13 23:41:30'),
(465, 30, 'no_call', '2026-04-26', NULL, '2025-11-13 23:41:30'),
(466, 30, 'no_call', '2026-05-05', NULL, '2025-11-13 23:41:30'),
(467, 30, 'no_call', '2026-05-23', NULL, '2025-11-13 23:41:30'),
(468, 30, 'no_call', '2026-05-24', NULL, '2025-11-13 23:41:30'),
(469, 30, 'no_call', '2026-05-25', NULL, '2025-11-13 23:41:30'),
(470, 30, 'out_of_office', '2026-05-29', NULL, '2025-11-13 23:41:30'),
(471, 30, 'no_call', '2026-05-30', NULL, '2025-11-13 23:41:30'),
(472, 30, 'no_call', '2026-05-31', NULL, '2025-11-13 23:41:30'),
(473, 30, 'out_of_office', '2026-06-01', NULL, '2025-11-13 23:41:30'),
(474, 30, 'no_call', '2026-06-02', NULL, '2025-11-13 23:41:30'),
(475, 30, 'no_call', '2026-06-05', NULL, '2025-11-13 23:41:30'),
(476, 30, 'no_call', '2026-06-06', NULL, '2025-11-13 23:41:30'),
(477, 30, 'no_call', '2026-06-07', NULL, '2025-11-13 23:41:30'),
(478, 30, 'no_call', '2026-06-19', NULL, '2025-11-13 23:41:30'),
(479, 30, 'no_call', '2026-06-20', NULL, '2025-11-13 23:41:30'),
(480, 30, 'no_call', '2026-06-21', NULL, '2025-11-13 23:41:30'),
(481, 30, 'no_call', '2026-06-26', NULL, '2025-11-13 23:41:30'),
(482, 30, 'no_call', '2026-06-27', NULL, '2025-11-13 23:41:30'),
(483, 30, 'no_call', '2026-06-28', NULL, '2025-11-13 23:41:30'),
(484, 19, 'out_of_office', '2026-02-13', NULL, '2025-11-14 00:34:31'),
(485, 19, 'out_of_office', '2026-02-14', NULL, '2025-11-14 00:34:31'),
(486, 19, 'out_of_office', '2026-02-15', NULL, '2025-11-14 00:34:31'),
(487, 19, 'out_of_office', '2026-02-27', NULL, '2025-11-14 00:34:31'),
(488, 19, 'out_of_office', '2026-02-28', NULL, '2025-11-14 00:34:31'),
(489, 19, 'out_of_office', '2026-03-01', NULL, '2025-11-14 00:34:31'),
(490, 19, 'out_of_office', '2026-03-02', NULL, '2025-11-14 00:34:31'),
(491, 19, 'out_of_office', '2026-04-03', NULL, '2025-11-14 00:34:31'),
(492, 19, 'out_of_office', '2026-04-04', NULL, '2025-11-14 00:34:31'),
(493, 19, 'out_of_office', '2026-04-05', NULL, '2025-11-14 00:34:31'),
(494, 19, 'out_of_office', '2026-04-06', NULL, '2025-11-14 00:34:31'),
(495, 19, 'out_of_office', '2026-05-22', NULL, '2025-11-14 00:34:31'),
(496, 19, 'out_of_office', '2026-05-23', NULL, '2025-11-14 00:34:31'),
(497, 19, 'out_of_office', '2026-05-24', NULL, '2025-11-14 00:34:31'),
(498, 19, 'out_of_office', '2026-05-25', NULL, '2025-11-14 00:34:31'),
(499, 19, 'out_of_office', '2026-05-26', NULL, '2025-11-14 00:34:31'),
(500, 19, 'out_of_office', '2026-05-29', NULL, '2025-11-14 00:34:31'),
(501, 19, 'out_of_office', '2026-05-30', NULL, '2025-11-14 00:34:31'),
(502, 19, 'out_of_office', '2026-05-31', NULL, '2025-11-14 00:34:31'),
(503, 19, 'out_of_office', '2026-06-06', NULL, '2025-11-14 00:34:31'),
(504, 19, 'out_of_office', '2026-06-07', NULL, '2025-11-14 00:34:31'),
(505, 19, 'out_of_office', '2026-06-20', NULL, '2025-11-14 00:34:31'),
(506, 19, 'out_of_office', '2026-06-21', NULL, '2025-11-14 00:34:31'),
(507, 19, 'out_of_office', '2026-06-22', NULL, '2025-11-14 00:34:31'),
(508, 19, 'out_of_office', '2026-06-23', NULL, '2025-11-14 00:34:31'),
(509, 19, 'out_of_office', '2026-06-24', NULL, '2025-11-14 00:34:31'),
(510, 19, 'out_of_office', '2026-06-25', NULL, '2025-11-14 00:34:31'),
(511, 19, 'out_of_office', '2026-06-26', NULL, '2025-11-14 00:34:31'),
(512, 19, 'out_of_office', '2026-06-27', NULL, '2025-11-14 00:34:31'),
(513, 19, 'out_of_office', '2026-06-28', NULL, '2025-11-14 00:34:31'),
(514, 14, 'no_call', '2026-01-12', NULL, '2025-11-14 03:37:02'),
(515, 14, 'no_call', '2026-01-20', NULL, '2025-11-14 03:37:02'),
(516, 14, 'no_call', '2026-01-13', NULL, '2025-11-14 03:37:02'),
(517, 14, 'no_call', '2026-01-14', NULL, '2025-11-14 03:37:02'),
(518, 14, 'no_call', '2026-01-15', NULL, '2025-11-14 03:37:02'),
(519, 14, 'no_call', '2026-01-16', NULL, '2025-11-14 03:37:02'),
(520, 14, 'no_call', '2026-01-17', NULL, '2025-11-14 03:37:02'),
(521, 14, 'no_call', '2026-01-18', NULL, '2025-11-14 03:37:02'),
(522, 14, 'no_call', '2026-01-19', NULL, '2025-11-14 03:37:02'),
(523, 14, 'no_call', '2026-01-28', NULL, '2025-11-14 03:37:02'),
(524, 14, 'no_call', '2026-01-29', NULL, '2025-11-14 03:37:02'),
(525, 14, 'no_call', '2026-01-30', NULL, '2025-11-14 03:37:02'),
(526, 14, 'no_call', '2026-01-31', NULL, '2025-11-14 03:37:02'),
(527, 14, 'no_call', '2026-02-01', NULL, '2025-11-14 03:37:02'),
(528, 14, 'no_call', '2026-02-02', NULL, '2025-11-14 03:37:02'),
(529, 14, 'no_call', '2026-01-27', NULL, '2025-11-14 03:37:02'),
(530, 14, 'no_call', '2026-03-14', NULL, '2025-11-14 03:37:02'),
(531, 14, 'no_call', '2026-03-15', NULL, '2025-11-14 03:37:02'),
(532, 14, 'no_call', '2026-03-16', NULL, '2025-11-14 03:37:02'),
(533, 14, 'no_call', '2026-03-17', NULL, '2025-11-14 03:37:02'),
(534, 14, 'no_call', '2026-03-18', NULL, '2025-11-14 03:37:02'),
(535, 14, 'no_call', '2026-03-28', NULL, '2025-11-14 03:37:02'),
(536, 14, 'no_call', '2026-03-29', NULL, '2025-11-14 03:37:02'),
(537, 14, 'no_call', '2026-03-30', NULL, '2025-11-14 03:37:02'),
(538, 14, 'no_call', '2026-03-31', NULL, '2025-11-14 03:37:02'),
(539, 14, 'no_call', '2026-04-03', NULL, '2025-11-14 03:37:02'),
(540, 14, 'no_call', '2026-04-10', NULL, '2025-11-14 03:37:02'),
(541, 14, 'no_call', '2026-04-17', NULL, '2025-11-14 03:37:02'),
(542, 14, 'no_call', '2026-04-24', NULL, '2025-11-14 03:37:02'),
(543, 14, 'no_call', '2026-04-07', NULL, '2025-11-14 03:37:02'),
(544, 14, 'no_call', '2026-04-14', NULL, '2025-11-14 03:37:02'),
(545, 14, 'no_call', '2026-04-21', NULL, '2025-11-14 03:37:02'),
(546, 14, 'no_call', '2026-04-28', NULL, '2025-11-14 03:37:02'),
(547, 14, 'no_call', '2026-05-01', NULL, '2025-11-14 03:37:02'),
(548, 14, 'no_call', '2026-05-08', NULL, '2025-11-14 03:37:02'),
(549, 14, 'no_call', '2026-05-15', NULL, '2025-11-14 03:37:02'),
(550, 14, 'no_call', '2026-05-05', NULL, '2025-11-14 03:37:02'),
(551, 14, 'no_call', '2026-05-12', NULL, '2025-11-14 03:37:02'),
(552, 14, 'no_call', '2026-05-20', NULL, '2025-11-14 03:37:02'),
(553, 14, 'no_call', '2026-04-01', NULL, '2025-11-14 03:37:02'),
(554, 14, 'no_call', '2026-04-02', NULL, '2025-11-14 03:37:02'),
(555, 14, 'no_call', '2026-04-04', NULL, '2025-11-14 03:37:02'),
(556, 14, 'no_call', '2026-04-05', NULL, '2025-11-14 03:37:02'),
(557, 14, 'no_call', '2026-06-13', NULL, '2025-11-14 03:37:02'),
(558, 14, 'no_call', '2026-06-20', NULL, '2025-11-14 03:37:02'),
(559, 14, 'no_call', '2026-06-14', NULL, '2025-11-14 03:37:02'),
(560, 14, 'no_call', '2026-06-21', NULL, '2025-11-14 03:37:02'),
(561, 14, 'no_call', '2026-05-14', NULL, '2025-11-14 03:37:02'),
(562, 14, 'no_call', '2026-03-13', NULL, '2025-11-14 03:37:02'),
(563, 14, 'no_call', '2026-03-27', NULL, '2025-11-14 03:37:02'),
(564, 14, 'no_call', '2026-02-20', NULL, '2025-11-14 03:37:02'),
(565, 14, 'no_call', '2026-02-21', NULL, '2025-11-14 03:37:02'),
(566, 14, 'no_call', '2026-02-22', NULL, '2025-11-14 03:37:02'),
(567, 14, 'no_call', '2026-06-27', NULL, '2025-11-14 03:37:02'),
(568, 14, 'no_call', '2026-06-28', NULL, '2025-11-14 03:37:02'),
(569, 14, 'no_call', '2026-06-26', NULL, '2025-11-14 03:37:02'),
(570, 14, 'no_call', '2026-05-29', NULL, '2025-11-14 03:37:02'),
(571, 14, 'no_call', '2026-05-30', NULL, '2025-11-14 03:37:02'),
(572, 14, 'no_call', '2026-05-28', NULL, '2025-11-14 03:37:02'),
(573, 14, 'no_call', '2026-05-31', NULL, '2025-11-14 03:37:02'),
(574, 17, 'no_call', '2026-01-14', NULL, '2025-11-14 04:27:37'),
(575, 17, 'no_call', '2026-01-15', NULL, '2025-11-14 04:27:37'),
(576, 17, 'no_call', '2026-01-16', NULL, '2025-11-14 04:27:37'),
(577, 17, 'no_call', '2026-01-17', NULL, '2025-11-14 04:27:37'),
(578, 17, 'no_call', '2026-01-26', NULL, '2025-11-14 04:27:37'),
(579, 17, 'no_call', '2026-02-14', NULL, '2025-11-14 04:27:37'),
(580, 17, 'no_call', '2026-02-21', NULL, '2025-11-14 04:27:37'),
(581, 17, 'out_of_office', '2026-02-24', NULL, '2025-11-14 04:27:37'),
(582, 17, 'out_of_office', '2026-02-25', NULL, '2025-11-14 04:27:37'),
(583, 17, 'no_call', '2026-02-28', NULL, '2025-11-14 04:27:37'),
(584, 17, 'no_call', '2026-03-02', NULL, '2025-11-14 04:27:37'),
(585, 17, 'no_call', '2026-03-03', NULL, '2025-11-14 04:27:37'),
(586, 17, 'no_call', '2026-03-04', NULL, '2025-11-14 04:27:37'),
(587, 17, 'no_call', '2026-03-05', NULL, '2025-11-14 04:27:37'),
(588, 17, 'no_call', '2026-03-06', NULL, '2025-11-14 04:27:37'),
(589, 17, 'no_call', '2026-03-07', NULL, '2025-11-14 04:27:37'),
(590, 17, 'no_call', '2026-03-17', NULL, '2025-11-14 04:27:37'),
(591, 17, 'no_call', '2026-03-26', NULL, '2025-11-14 04:27:37'),
(592, 17, 'no_call', '2026-03-27', NULL, '2025-11-14 04:27:37'),
(593, 17, 'no_call', '2026-03-28', NULL, '2025-11-14 04:27:37'),
(594, 17, 'no_call', '2026-03-29', NULL, '2025-11-14 04:27:37'),
(595, 17, 'no_call', '2026-03-30', NULL, '2025-11-14 04:27:37'),
(596, 17, 'no_call', '2026-03-31', NULL, '2025-11-14 04:27:37'),
(597, 17, 'no_call', '2026-04-01', NULL, '2025-11-14 04:27:37'),
(598, 17, 'out_of_office', '2026-04-02', NULL, '2025-11-14 04:27:37'),
(599, 17, 'out_of_office', '2026-04-03', NULL, '2025-11-14 04:27:37'),
(600, 17, 'out_of_office', '2026-04-04', NULL, '2025-11-14 04:27:37'),
(601, 17, 'out_of_office', '2026-04-05', NULL, '2025-11-14 04:27:37'),
(602, 17, 'out_of_office', '2026-04-06', NULL, '2025-11-14 04:27:37'),
(603, 17, 'out_of_office', '2026-04-07', NULL, '2025-11-14 04:27:37'),
(604, 17, 'out_of_office', '2026-04-08', NULL, '2025-11-14 04:27:37'),
(605, 17, 'out_of_office', '2026-04-09', NULL, '2025-11-14 04:27:37'),
(606, 17, 'out_of_office', '2026-04-10', NULL, '2025-11-14 04:27:37'),
(607, 17, 'out_of_office', '2026-04-11', NULL, '2025-11-14 04:27:37'),
(608, 17, 'out_of_office', '2026-04-12', NULL, '2025-11-14 04:27:37'),
(609, 17, 'out_of_office', '2026-04-13', NULL, '2025-11-14 04:27:37'),
(610, 17, 'out_of_office', '2026-04-14', NULL, '2025-11-14 04:27:37'),
(611, 17, 'out_of_office', '2026-04-15', NULL, '2025-11-14 04:27:37'),
(612, 17, 'no_call', '2026-05-13', NULL, '2025-11-14 04:27:37'),
(613, 17, 'out_of_office', '2026-05-14', NULL, '2025-11-14 04:27:37'),
(614, 17, 'out_of_office', '2026-05-15', NULL, '2025-11-14 04:27:37'),
(615, 17, 'out_of_office', '2026-05-16', NULL, '2025-11-14 04:27:37'),
(616, 17, 'no_call', '2026-05-17', NULL, '2025-11-14 04:27:37'),
(617, 17, 'no_call', '2026-05-25', NULL, '2025-11-14 04:27:37'),
(618, 17, 'no_call', '2026-06-03', NULL, '2025-11-14 04:27:37'),
(619, 17, 'no_call', '2026-06-05', NULL, '2025-11-14 04:27:37'),
(620, 17, 'out_of_office', '2026-06-06', NULL, '2025-11-14 04:27:37'),
(621, 17, 'out_of_office', '2026-06-07', NULL, '2025-11-14 04:27:37'),
(622, 17, 'out_of_office', '2026-06-08', NULL, '2025-11-14 04:27:37'),
(623, 17, 'out_of_office', '2026-06-09', NULL, '2025-11-14 04:27:37'),
(624, 17, 'out_of_office', '2026-06-10', NULL, '2025-11-14 04:27:37'),
(625, 17, 'no_call', '2026-06-21', NULL, '2025-11-14 04:27:37'),
(626, 17, 'out_of_office', '2026-02-06', NULL, '2025-11-14 04:27:37'),
(627, 17, 'out_of_office', '2026-02-07', NULL, '2025-11-14 04:27:37'),
(628, 17, 'out_of_office', '2026-02-08', NULL, '2025-11-14 04:27:37'),
(629, 8, 'no_call', '2026-01-03', NULL, '2025-11-15 13:56:49'),
(630, 8, 'no_call', '2026-01-08', NULL, '2025-11-15 13:56:49'),
(631, 8, 'out_of_office', '2026-01-09', NULL, '2025-11-15 13:56:49'),
(632, 8, 'no_call', '2026-01-10', NULL, '2025-11-15 13:56:49'),
(633, 8, 'no_call', '2026-01-11', NULL, '2025-11-15 13:56:49'),
(634, 8, 'no_call', '2026-01-14', NULL, '2025-11-15 13:56:49'),
(635, 8, 'no_call', '2026-01-15', NULL, '2025-11-15 13:56:49'),
(636, 8, 'out_of_office', '2026-01-16', NULL, '2025-11-15 13:56:49'),
(637, 8, 'no_call', '2026-01-20', NULL, '2025-11-15 13:56:49'),
(638, 8, 'no_call', '2026-01-24', NULL, '2025-11-15 13:56:49'),
(639, 8, 'no_call', '2026-02-13', NULL, '2025-11-15 13:56:49'),
(640, 8, 'out_of_office', '2026-02-24', NULL, '2025-11-15 13:56:49'),
(641, 8, 'no_call', '2026-03-14', NULL, '2025-11-15 13:56:49'),
(642, 8, 'no_call', '2026-03-15', NULL, '2025-11-15 13:56:49'),
(643, 8, 'no_call', '2026-03-16', NULL, '2025-11-15 13:56:49'),
(644, 8, 'no_call', '2026-04-03', NULL, '2025-11-15 13:56:49'),
(645, 8, 'no_call', '2026-04-04', NULL, '2025-11-15 13:56:49'),
(646, 8, 'no_call', '2026-04-05', NULL, '2025-11-15 13:56:49'),
(647, 8, 'out_of_office', '2026-04-06', NULL, '2025-11-15 13:56:49'),
(648, 8, 'out_of_office', '2026-04-07', NULL, '2025-11-15 13:56:49'),
(649, 8, 'out_of_office', '2026-04-08', NULL, '2025-11-15 13:56:49'),
(650, 8, 'out_of_office', '2026-04-09', NULL, '2025-11-15 13:56:49'),
(651, 8, 'out_of_office', '2026-04-10', NULL, '2025-11-15 13:56:49'),
(652, 8, 'no_call', '2026-04-11', NULL, '2025-11-15 13:56:49'),
(653, 8, 'no_call', '2026-04-30', NULL, '2025-11-15 13:56:49'),
(654, 8, 'out_of_office', '2026-05-01', NULL, '2025-11-15 13:56:49'),
(655, 8, 'no_call', '2026-05-02', NULL, '2025-11-15 13:56:49'),
(656, 8, 'no_call', '2026-05-03', NULL, '2025-11-15 13:56:49'),
(657, 8, 'no_call', '2026-05-19', NULL, '2025-11-15 13:56:49'),
(658, 8, 'out_of_office', '2026-05-20', NULL, '2025-11-15 13:56:49'),
(659, 8, 'out_of_office', '2026-05-22', NULL, '2025-11-15 13:56:49'),
(660, 8, 'no_call', '2026-06-07', NULL, '2025-11-15 13:56:49'),
(661, 8, 'no_call', '2026-06-13', NULL, '2025-11-15 13:56:49'),
(662, 8, 'no_call', '2026-06-14', NULL, '2025-11-15 13:56:49'),
(663, 8, 'out_of_office', '2026-06-17', NULL, '2025-11-15 13:56:49'),
(664, 8, 'out_of_office', '2026-06-18', NULL, '2025-11-15 13:56:49'),
(665, 8, 'no_call', '2026-06-19', NULL, '2025-11-15 13:56:49'),
(666, 8, 'no_call', '2026-06-20', NULL, '2025-11-15 13:56:49'),
(667, 8, 'no_call', '2026-06-21', NULL, '2025-11-15 13:56:49'),
(668, 8, 'no_call', '2026-06-26', NULL, '2025-11-15 13:56:49'),
(669, 8, 'no_call', '2026-06-27', NULL, '2025-11-15 13:56:49'),
(670, 8, 'no_call', '2026-06-28', NULL, '2025-11-15 13:56:49'),
(671, 8, 'no_call', '2026-06-29', NULL, '2025-11-15 13:56:49'),
(672, 8, 'out_of_office', '2026-06-30', NULL, '2025-11-15 13:56:49'),
(673, 25, 'no_call', '2026-01-12', NULL, '2025-11-15 17:32:46'),
(674, 25, 'no_call', '2026-01-13', NULL, '2025-11-15 17:32:46'),
(675, 25, 'no_call', '2026-01-14', NULL, '2025-11-15 17:32:46'),
(676, 25, 'no_call', '2026-01-19', NULL, '2025-11-15 17:32:46'),
(677, 25, 'no_call', '2026-01-20', NULL, '2025-11-15 17:32:46'),
(678, 25, 'no_call', '2026-01-21', NULL, '2025-11-15 17:32:46'),
(679, 25, 'no_call', '2026-01-28', NULL, '2025-11-15 17:32:46'),
(680, 25, 'no_call', '2026-01-29', NULL, '2025-11-15 17:32:46'),
(681, 25, 'no_call', '2026-01-30', NULL, '2025-11-15 17:32:46'),
(682, 25, 'no_call', '2026-01-31', NULL, '2025-11-15 17:32:46'),
(683, 25, 'no_call', '2026-02-04', NULL, '2025-11-15 17:32:46'),
(684, 25, 'no_call', '2026-02-05', NULL, '2025-11-15 17:32:46'),
(685, 25, 'no_call', '2026-02-06', NULL, '2025-11-15 17:32:46'),
(686, 25, 'no_call', '2026-02-17', NULL, '2025-11-15 17:32:46'),
(687, 25, 'no_call', '2026-02-18', NULL, '2025-11-15 17:32:46'),
(688, 25, 'no_call', '2026-02-21', NULL, '2025-11-15 17:32:46'),
(689, 25, 'no_call', '2026-03-04', NULL, '2025-11-15 17:32:46'),
(690, 25, 'no_call', '2026-03-05', NULL, '2025-11-15 17:32:46'),
(691, 25, 'no_call', '2026-03-06', NULL, '2025-11-15 17:32:46'),
(692, 25, 'no_call', '2026-03-09', NULL, '2025-11-15 17:32:46'),
(693, 25, 'no_call', '2026-03-10', NULL, '2025-11-15 17:32:46'),
(694, 25, 'no_call', '2026-03-11', NULL, '2025-11-15 17:32:46'),
(695, 25, 'no_call', '2026-03-14', NULL, '2025-11-15 17:32:46'),
(696, 25, 'no_call', '2026-03-18', NULL, '2025-11-15 17:32:46'),
(697, 25, 'no_call', '2026-03-19', NULL, '2025-11-15 17:32:46'),
(698, 25, 'no_call', '2026-03-20', NULL, '2025-11-15 17:32:46'),
(699, 25, 'no_call', '2026-03-21', NULL, '2025-11-15 17:32:46'),
(700, 25, 'no_call', '2026-03-22', NULL, '2025-11-15 17:32:46'),
(701, 25, 'no_call', '2026-03-28', NULL, '2025-11-15 17:32:46'),
(702, 25, 'no_call', '2026-03-29', NULL, '2025-11-15 17:32:46'),
(703, 25, 'no_call', '2026-04-01', NULL, '2025-11-15 17:32:46'),
(704, 25, 'no_call', '2026-04-02', NULL, '2025-11-15 17:32:46'),
(705, 25, 'no_call', '2026-04-03', NULL, '2025-11-15 17:32:46'),
(706, 25, 'no_call', '2026-04-04', NULL, '2025-11-15 17:32:46'),
(707, 25, 'no_call', '2026-04-11', NULL, '2025-11-15 17:32:46'),
(708, 25, 'no_call', '2026-04-12', NULL, '2025-11-15 17:32:46'),
(709, 25, 'no_call', '2026-04-13', NULL, '2025-11-15 17:32:46'),
(710, 25, 'no_call', '2026-04-14', NULL, '2025-11-15 17:32:46'),
(711, 25, 'no_call', '2026-04-15', NULL, '2025-11-15 17:32:46'),
(712, 25, 'no_call', '2026-04-16', NULL, '2025-11-15 17:32:46'),
(713, 25, 'no_call', '2026-04-17', NULL, '2025-11-15 17:32:46'),
(714, 25, 'no_call', '2026-04-18', NULL, '2025-11-15 17:32:46'),
(715, 25, 'no_call', '2026-04-19', NULL, '2025-11-15 17:32:46'),
(716, 25, 'no_call', '2026-04-20', NULL, '2025-11-15 17:32:46'),
(717, 25, 'no_call', '2026-04-21', NULL, '2025-11-15 17:32:46'),
(718, 25, 'no_call', '2026-04-22', NULL, '2025-11-15 17:32:46'),
(719, 25, 'no_call', '2026-05-01', NULL, '2025-11-15 17:32:46'),
(720, 25, 'no_call', '2026-05-02', NULL, '2025-11-15 17:32:46'),
(721, 25, 'no_call', '2026-05-03', NULL, '2025-11-15 17:32:46'),
(722, 25, 'no_call', '2026-05-07', NULL, '2025-11-15 17:32:46'),
(723, 25, 'no_call', '2026-05-09', NULL, '2025-11-15 17:32:46'),
(724, 25, 'no_call', '2026-05-10', NULL, '2025-11-15 17:32:46'),
(725, 25, 'no_call', '2026-05-12', NULL, '2025-11-15 17:32:46'),
(726, 25, 'no_call', '2026-05-21', NULL, '2025-11-15 17:32:46'),
(727, 25, 'no_call', '2026-05-25', NULL, '2025-11-15 17:32:46'),
(728, 25, 'no_call', '2026-06-02', NULL, '2025-11-15 17:32:46'),
(729, 25, 'no_call', '2026-06-18', NULL, '2025-11-15 17:32:46'),
(730, 25, 'no_call', '2026-06-19', NULL, '2025-11-15 17:32:46'),
(731, 25, 'no_call', '2026-06-20', NULL, '2025-11-15 17:32:46'),
(732, 25, 'no_call', '2026-06-21', NULL, '2025-11-15 17:32:46'),
(733, 15, 'no_call', '2026-01-08', NULL, '2025-11-15 23:45:48'),
(734, 15, 'no_call', '2026-01-22', NULL, '2025-11-15 23:45:48'),
(735, 15, 'no_call', '2026-01-30', NULL, '2025-11-15 23:45:48'),
(736, 15, 'no_call', '2026-01-31', NULL, '2025-11-15 23:45:48'),
(737, 15, 'no_call', '2026-02-01', NULL, '2025-11-15 23:45:48'),
(738, 15, 'no_call', '2026-02-12', NULL, '2025-11-15 23:45:48'),
(739, 15, 'no_call', '2026-02-14', NULL, '2025-11-15 23:45:48'),
(740, 15, 'no_call', '2026-03-11', NULL, '2025-11-15 23:45:48'),
(741, 15, 'no_call', '2026-03-12', NULL, '2025-11-15 23:45:48'),
(742, 15, 'no_call', '2026-03-13', NULL, '2025-11-15 23:45:48'),
(743, 15, 'no_call', '2026-03-14', NULL, '2025-11-15 23:45:48'),
(744, 15, 'no_call', '2026-03-15', NULL, '2025-11-15 23:45:48'),
(745, 15, 'no_call', '2026-03-16', NULL, '2025-11-15 23:45:48'),
(746, 15, 'no_call', '2026-03-20', NULL, '2025-11-15 23:45:48'),
(747, 15, 'no_call', '2026-03-21', NULL, '2025-11-15 23:45:48'),
(748, 15, 'no_call', '2026-03-22', NULL, '2025-11-15 23:45:48'),
(749, 15, 'no_call', '2026-04-04', NULL, '2025-11-15 23:45:48'),
(750, 15, 'no_call', '2026-04-05', NULL, '2025-11-15 23:45:48'),
(751, 15, 'no_call', '2026-04-09', NULL, '2025-11-15 23:45:48'),
(752, 15, 'no_call', '2026-04-11', NULL, '2025-11-15 23:45:48'),
(753, 15, 'no_call', '2026-04-12', NULL, '2025-11-15 23:45:48'),
(754, 15, 'no_call', '2026-04-16', NULL, '2025-11-15 23:45:48'),
(755, 15, 'no_call', '2026-04-22', NULL, '2025-11-15 23:45:48'),
(756, 15, 'no_call', '2026-04-23', NULL, '2025-11-15 23:45:48'),
(757, 15, 'no_call', '2026-04-24', NULL, '2025-11-15 23:45:48'),
(758, 15, 'no_call', '2026-04-25', NULL, '2025-11-15 23:45:48'),
(759, 15, 'no_call', '2026-04-26', NULL, '2025-11-15 23:45:48'),
(760, 15, 'no_call', '2026-05-14', NULL, '2025-11-15 23:45:48'),
(761, 15, 'no_call', '2026-05-15', NULL, '2025-11-15 23:45:48'),
(762, 15, 'no_call', '2026-05-16', NULL, '2025-11-15 23:45:48'),
(763, 15, 'no_call', '2026-05-17', NULL, '2025-11-15 23:45:48'),
(764, 15, 'no_call', '2026-05-18', NULL, '2025-11-15 23:45:48'),
(765, 15, 'no_call', '2026-06-19', NULL, '2025-11-15 23:45:48'),
(766, 15, 'no_call', '2026-06-20', NULL, '2025-11-15 23:45:48'),
(767, 15, 'no_call', '2026-06-21', NULL, '2025-11-15 23:45:48'),
(768, 15, 'no_call', '2026-06-16', NULL, '2025-11-15 23:45:48'),
(769, 15, 'no_call', '2026-03-09', NULL, '2025-11-15 23:45:48'),
(770, 15, 'no_call', '2026-03-10', NULL, '2025-11-15 23:45:48'),
(771, 15, 'no_call', '2026-06-09', NULL, '2025-11-15 23:45:48'),
(772, 15, 'no_call', '2026-05-12', NULL, '2025-11-15 23:45:48'),
(773, 15, 'no_call', '2026-04-14', NULL, '2025-11-15 23:45:48'),
(774, 15, 'no_call', '2026-02-10', NULL, '2025-11-15 23:45:48'),
(775, 15, 'no_call', '2026-01-13', NULL, '2025-11-15 23:45:48'),
(776, 20, 'no_call', '2026-01-17', NULL, '2025-11-16 06:03:17'),
(777, 20, 'no_call', '2026-01-18', NULL, '2025-11-16 06:03:17'),
(778, 20, 'no_call', '2026-01-19', NULL, '2025-11-16 06:03:17'),
(779, 20, 'no_call', '2026-01-30', NULL, '2025-11-16 06:03:17'),
(780, 20, 'no_call', '2026-02-13', NULL, '2025-11-16 06:03:17'),
(781, 20, 'no_call', '2026-02-14', NULL, '2025-11-16 06:03:17'),
(782, 20, 'no_call', '2026-02-15', NULL, '2025-11-16 06:03:17');
INSERT INTO `oneCall_requests` (`id`, `user_id`, `request_type`, `date`, `notes`, `created_at`) VALUES
(783, 20, 'no_call', '2026-02-16', NULL, '2025-11-16 06:03:17'),
(784, 20, 'no_call', '2026-02-20', NULL, '2025-11-16 06:03:17'),
(785, 20, 'no_call', '2026-02-27', NULL, '2025-11-16 06:03:17'),
(786, 20, 'no_call', '2026-03-06', NULL, '2025-11-16 06:03:17'),
(787, 20, 'no_call', '2026-03-13', NULL, '2025-11-16 06:03:17'),
(788, 20, 'no_call', '2026-03-14', NULL, '2025-11-16 06:03:17'),
(789, 20, 'no_call', '2026-03-15', NULL, '2025-11-16 06:03:17'),
(790, 20, 'no_call', '2026-03-16', NULL, '2025-11-16 06:03:17'),
(791, 20, 'no_call', '2026-03-17', NULL, '2025-11-16 06:03:17'),
(792, 20, 'no_call', '2026-03-18', NULL, '2025-11-16 06:03:17'),
(793, 20, 'no_call', '2026-03-19', NULL, '2025-11-16 06:03:17'),
(794, 20, 'no_call', '2026-03-20', NULL, '2025-11-16 06:03:17'),
(795, 20, 'no_call', '2026-03-21', NULL, '2025-11-16 06:03:17'),
(796, 20, 'no_call', '2026-03-22', NULL, '2025-11-16 06:03:17'),
(797, 20, 'no_call', '2026-03-23', NULL, '2025-11-16 06:03:17'),
(798, 20, 'no_call', '2026-03-24', NULL, '2025-11-16 06:03:17'),
(799, 20, 'no_call', '2026-03-25', NULL, '2025-11-16 06:03:17'),
(800, 20, 'no_call', '2026-03-26', NULL, '2025-11-16 06:03:17'),
(801, 20, 'no_call', '2026-03-27', NULL, '2025-11-16 06:03:17'),
(802, 20, 'no_call', '2026-03-28', NULL, '2025-11-16 06:03:17'),
(803, 20, 'no_call', '2026-03-29', NULL, '2025-11-16 06:03:17'),
(804, 20, 'no_call', '2026-03-30', NULL, '2025-11-16 06:03:17'),
(805, 20, 'no_call', '2026-03-31', NULL, '2025-11-16 06:03:17'),
(806, 20, 'no_call', '2026-04-20', NULL, '2025-11-16 06:03:17'),
(807, 20, 'no_call', '2026-05-01', NULL, '2025-11-16 06:03:17'),
(808, 20, 'no_call', '2026-05-08', NULL, '2025-11-16 06:03:17'),
(809, 20, 'no_call', '2026-05-15', NULL, '2025-11-16 06:03:17'),
(810, 20, 'no_call', '2026-05-16', NULL, '2025-11-16 06:03:17'),
(811, 20, 'no_call', '2026-05-17', NULL, '2025-11-16 06:03:17'),
(812, 20, 'no_call', '2026-05-19', NULL, '2025-11-16 06:03:17'),
(813, 20, 'no_call', '2026-05-20', NULL, '2025-11-16 06:03:17'),
(814, 20, 'no_call', '2026-05-21', NULL, '2025-11-16 06:03:17'),
(815, 20, 'no_call', '2026-05-22', NULL, '2025-11-16 06:03:17'),
(816, 20, 'no_call', '2026-05-27', NULL, '2025-11-16 06:03:17'),
(817, 20, 'no_call', '2026-05-28', NULL, '2025-11-16 06:03:17'),
(818, 20, 'no_call', '2026-05-29', NULL, '2025-11-16 06:03:17'),
(819, 20, 'no_call', '2026-05-30', NULL, '2025-11-16 06:03:17'),
(820, 20, 'no_call', '2026-05-31', NULL, '2025-11-16 06:03:17'),
(821, 20, 'no_call', '2026-06-06', NULL, '2025-11-16 06:03:17'),
(822, 20, 'no_call', '2026-06-07', NULL, '2025-11-16 06:03:17'),
(823, 20, 'no_call', '2026-06-12', NULL, '2025-11-16 06:03:17'),
(824, 20, 'no_call', '2026-06-13', NULL, '2025-11-16 06:03:17'),
(825, 20, 'no_call', '2026-06-14', NULL, '2025-11-16 06:03:17'),
(826, 20, 'no_call', '2026-06-19', NULL, '2025-11-16 06:03:17'),
(827, 20, 'no_call', '2026-06-20', NULL, '2025-11-16 06:03:17'),
(828, 20, 'no_call', '2026-06-21', NULL, '2025-11-16 06:03:17'),
(829, 20, 'no_call', '2026-06-22', NULL, '2025-11-16 06:03:17'),
(830, 20, 'no_call', '2026-06-23', NULL, '2025-11-16 06:03:17'),
(831, 20, 'no_call', '2026-06-24', NULL, '2025-11-16 06:03:17'),
(832, 20, 'no_call', '2026-06-25', NULL, '2025-11-16 06:03:17'),
(833, 20, 'no_call', '2026-06-26', NULL, '2025-11-16 06:03:17'),
(834, 20, 'no_call', '2026-06-27', NULL, '2025-11-16 06:03:17'),
(835, 20, 'no_call', '2026-06-28', NULL, '2025-11-16 06:03:17'),
(836, 21, 'no_call', '2026-04-24', NULL, '2025-11-16 14:18:16'),
(837, 21, 'no_call', '2026-05-03', NULL, '2025-11-16 14:18:16'),
(838, 21, 'no_call', '2026-04-25', NULL, '2025-11-16 14:18:16'),
(839, 21, 'no_call', '2026-04-26', NULL, '2025-11-16 14:18:16'),
(840, 21, 'no_call', '2026-04-27', NULL, '2025-11-16 14:18:16'),
(841, 21, 'no_call', '2026-04-28', NULL, '2025-11-16 14:18:16'),
(842, 21, 'no_call', '2026-04-29', NULL, '2025-11-16 14:18:16'),
(843, 21, 'no_call', '2026-04-30', NULL, '2025-11-16 14:18:16'),
(844, 21, 'no_call', '2026-05-01', NULL, '2025-11-16 14:18:16'),
(845, 21, 'no_call', '2026-05-02', NULL, '2025-11-16 14:18:16'),
(846, 21, 'no_call', '2026-02-20', NULL, '2025-11-16 14:18:16'),
(847, 21, 'no_call', '2026-02-21', NULL, '2025-11-16 14:18:16'),
(848, 21, 'no_call', '2026-02-22', NULL, '2025-11-16 14:18:16'),
(849, 21, 'no_call', '2026-02-23', NULL, '2025-11-16 14:18:16'),
(850, 21, 'no_call', '2026-02-24', NULL, '2025-11-16 14:18:16'),
(851, 28, 'out_of_office', '2026-01-01', NULL, '2025-11-16 14:48:37'),
(852, 28, 'no_call', '2026-01-22', NULL, '2025-11-16 14:48:37'),
(853, 28, 'no_call', '2026-01-23', NULL, '2025-11-16 14:48:37'),
(854, 28, 'out_of_office', '2026-01-24', NULL, '2025-11-16 14:48:37'),
(855, 28, 'out_of_office', '2026-01-25', NULL, '2025-11-16 14:48:37'),
(856, 28, 'out_of_office', '2026-01-29', NULL, '2025-11-16 14:48:37'),
(857, 28, 'out_of_office', '2026-01-30', NULL, '2025-11-16 14:48:37'),
(858, 28, 'out_of_office', '2026-01-31', NULL, '2025-11-16 14:48:37'),
(859, 28, 'no_call', '2026-02-12', NULL, '2025-11-16 14:48:37'),
(860, 28, 'no_call', '2026-02-13', NULL, '2025-11-16 14:48:37'),
(861, 28, 'out_of_office', '2026-02-14', NULL, '2025-11-16 14:48:37'),
(862, 28, 'out_of_office', '2026-02-15', NULL, '2025-11-16 14:48:37'),
(863, 28, 'out_of_office', '2026-02-19', NULL, '2025-11-16 14:48:37'),
(864, 28, 'out_of_office', '2026-02-20', NULL, '2025-11-16 14:48:37'),
(865, 28, 'out_of_office', '2026-02-21', NULL, '2025-11-16 14:48:37'),
(866, 28, 'out_of_office', '2026-02-22', NULL, '2025-11-16 14:48:37'),
(867, 28, 'out_of_office', '2026-02-23', NULL, '2025-11-16 14:48:37'),
(868, 28, 'no_call', '2026-03-19', NULL, '2025-11-16 14:48:37'),
(869, 28, 'no_call', '2026-03-20', NULL, '2025-11-16 14:48:37'),
(870, 28, 'out_of_office', '2026-03-21', NULL, '2025-11-16 14:48:37'),
(871, 28, 'out_of_office', '2026-03-22', NULL, '2025-11-16 14:48:37'),
(872, 28, 'out_of_office', '2026-03-23', NULL, '2025-11-16 14:48:37'),
(873, 28, 'out_of_office', '2026-03-24', NULL, '2025-11-16 14:48:37'),
(874, 28, 'out_of_office', '2026-03-25', NULL, '2025-11-16 14:48:37'),
(875, 28, 'out_of_office', '2026-03-26', NULL, '2025-11-16 14:48:37'),
(876, 28, 'out_of_office', '2026-03-27', NULL, '2025-11-16 14:48:37'),
(877, 28, 'out_of_office', '2026-03-28', NULL, '2025-11-16 14:48:37'),
(878, 28, 'out_of_office', '2026-03-29', NULL, '2025-11-16 14:48:37'),
(879, 28, 'out_of_office', '2026-03-30', NULL, '2025-11-16 14:48:37'),
(880, 28, 'out_of_office', '2026-03-31', NULL, '2025-11-16 14:48:37'),
(881, 28, 'out_of_office', '2026-04-01', NULL, '2025-11-16 14:48:37'),
(882, 28, 'out_of_office', '2026-04-02', NULL, '2025-11-16 14:48:37'),
(883, 28, 'out_of_office', '2026-04-03', NULL, '2025-11-16 14:48:37'),
(884, 28, 'out_of_office', '2026-04-04', NULL, '2025-11-16 14:48:37'),
(885, 28, 'out_of_office', '2026-04-05', NULL, '2025-11-16 14:48:37'),
(886, 28, 'out_of_office', '2026-04-23', NULL, '2025-11-16 14:48:37'),
(887, 28, 'out_of_office', '2026-04-24', NULL, '2025-11-16 14:48:37'),
(888, 28, 'out_of_office', '2026-04-25', NULL, '2025-11-16 14:48:37'),
(889, 28, 'out_of_office', '2026-04-26', NULL, '2025-11-16 14:48:37'),
(890, 28, 'out_of_office', '2026-05-21', NULL, '2025-11-16 14:48:37'),
(891, 28, 'out_of_office', '2026-05-22', NULL, '2025-11-16 14:48:37'),
(892, 28, 'out_of_office', '2026-05-23', NULL, '2025-11-16 14:48:37'),
(893, 28, 'out_of_office', '2026-05-24', NULL, '2025-11-16 14:48:37'),
(894, 28, 'no_call', '2026-05-27', NULL, '2025-11-16 14:48:37'),
(895, 28, 'out_of_office', '2026-05-30', NULL, '2025-11-16 14:48:37'),
(896, 28, 'out_of_office', '2026-05-31', NULL, '2025-11-16 14:48:37'),
(897, 28, 'no_call', '2026-06-04', NULL, '2025-11-16 14:48:37'),
(898, 28, 'out_of_office', '2026-06-07', NULL, '2025-11-16 14:48:37'),
(899, 28, 'out_of_office', '2026-06-08', NULL, '2025-11-16 14:48:37'),
(900, 28, 'out_of_office', '2026-06-09', NULL, '2025-11-16 14:48:37'),
(901, 28, 'out_of_office', '2026-06-10', NULL, '2025-11-16 14:48:37'),
(902, 28, 'out_of_office', '2026-06-11', NULL, '2025-11-16 14:48:37'),
(903, 28, 'out_of_office', '2026-06-12', NULL, '2025-11-16 14:48:37'),
(904, 28, 'out_of_office', '2026-06-13', NULL, '2025-11-16 14:48:37'),
(905, 28, 'out_of_office', '2026-06-14', NULL, '2025-11-16 14:48:37'),
(906, 28, 'out_of_office', '2026-06-15', NULL, '2025-11-16 14:48:37'),
(907, 10, 'no_call', '2026-02-12', NULL, '2025-11-16 15:36:26'),
(908, 10, 'no_call', '2026-02-13', NULL, '2025-11-16 15:36:26'),
(909, 10, 'no_call', '2026-02-14', NULL, '2025-11-16 15:36:26'),
(910, 10, 'no_call', '2026-02-15', NULL, '2025-11-16 15:36:26'),
(911, 10, 'no_call', '2026-01-25', NULL, '2025-11-16 15:36:26'),
(912, 10, 'no_call', '2026-01-24', NULL, '2025-11-16 15:36:26'),
(913, 10, 'no_call', '2026-02-19', NULL, '2025-11-16 15:36:26'),
(914, 10, 'no_call', '2026-02-20', NULL, '2025-11-16 15:36:26'),
(915, 10, 'no_call', '2026-02-21', NULL, '2025-11-16 15:36:26'),
(916, 10, 'no_call', '2026-02-22', NULL, '2025-11-16 15:36:26'),
(917, 10, 'no_call', '2026-04-03', NULL, '2025-11-16 15:36:26'),
(918, 10, 'no_call', '2026-04-04', NULL, '2025-11-16 15:36:26'),
(919, 10, 'no_call', '2026-04-05', NULL, '2025-11-16 15:36:26'),
(920, 10, 'no_call', '2026-03-11', NULL, '2025-11-16 15:36:26'),
(921, 10, 'no_call', '2026-03-12', NULL, '2025-11-16 15:36:26'),
(922, 10, 'no_call', '2026-05-25', NULL, '2025-11-16 15:36:26'),
(923, 10, 'no_call', '2026-05-24', NULL, '2025-11-16 15:36:26'),
(924, 10, 'no_call', '2026-05-23', NULL, '2025-11-16 15:36:26'),
(925, 13, 'no_call', '2026-01-16', NULL, '2025-11-16 16:06:31'),
(926, 13, 'no_call', '2026-01-17', NULL, '2025-11-16 16:06:31'),
(927, 13, 'no_call', '2026-01-18', NULL, '2025-11-16 16:06:31'),
(928, 13, 'no_call', '2026-01-19', NULL, '2025-11-16 16:06:31'),
(929, 13, 'no_call', '2026-02-19', NULL, '2025-11-16 16:06:31'),
(930, 13, 'no_call', '2026-02-20', NULL, '2025-11-16 16:06:31'),
(931, 13, 'no_call', '2026-02-21', NULL, '2025-11-16 16:06:31'),
(932, 13, 'no_call', '2026-02-22', NULL, '2025-11-16 16:06:31'),
(933, 13, 'no_call', '2026-03-12', NULL, '2025-11-16 16:06:31'),
(934, 13, 'no_call', '2026-03-14', NULL, '2025-11-16 16:06:31'),
(935, 13, 'no_call', '2026-03-15', NULL, '2025-11-16 16:06:31'),
(936, 13, 'no_call', '2026-03-16', NULL, '2025-11-16 16:06:31'),
(937, 13, 'no_call', '2026-03-17', NULL, '2025-11-16 16:06:31'),
(938, 13, 'no_call', '2026-03-18', NULL, '2025-11-16 16:06:31'),
(939, 13, 'no_call', '2026-03-20', NULL, '2025-11-16 16:06:31'),
(940, 13, 'no_call', '2026-03-21', NULL, '2025-11-16 16:06:31'),
(941, 13, 'no_call', '2026-04-24', NULL, '2025-11-16 16:06:31'),
(942, 13, 'no_call', '2026-04-25', NULL, '2025-11-16 16:06:31'),
(943, 13, 'no_call', '2026-04-26', NULL, '2025-11-16 16:06:31'),
(944, 13, 'no_call', '2026-05-15', NULL, '2025-11-16 16:06:31'),
(945, 13, 'no_call', '2026-05-16', NULL, '2025-11-16 16:06:31'),
(946, 13, 'no_call', '2026-05-17', NULL, '2025-11-16 16:06:31'),
(947, 13, 'no_call', '2026-05-22', NULL, '2025-11-16 16:06:31'),
(948, 13, 'no_call', '2026-05-23', NULL, '2025-11-16 16:06:31'),
(949, 13, 'no_call', '2026-05-24', NULL, '2025-11-16 16:06:31'),
(950, 13, 'no_call', '2026-05-25', NULL, '2025-11-16 16:06:31'),
(951, 13, 'no_call', '2026-05-29', NULL, '2025-11-16 16:06:31'),
(952, 13, 'no_call', '2026-05-30', NULL, '2025-11-16 16:06:31'),
(953, 13, 'no_call', '2026-06-19', NULL, '2025-11-16 16:06:31'),
(954, 13, 'no_call', '2026-06-20', NULL, '2025-11-16 16:06:31'),
(955, 13, 'no_call', '2026-06-21', NULL, '2025-11-16 16:06:31'),
(956, 13, 'no_call', '2026-06-26', NULL, '2025-11-16 16:06:31'),
(957, 13, 'no_call', '2026-06-27', NULL, '2025-11-16 16:06:31'),
(958, 13, 'no_call', '2026-06-28', NULL, '2025-11-16 16:06:31'),
(959, 13, 'no_call', '2026-03-13', NULL, '2025-11-16 16:06:31'),
(960, 13, 'no_call', '2026-03-19', NULL, '2025-11-16 16:06:31'),
(961, 13, 'no_call', '2026-02-13', NULL, '2025-11-16 16:06:31'),
(962, 13, 'no_call', '2026-02-14', NULL, '2025-11-16 16:06:31'),
(963, 13, 'no_call', '2026-02-15', NULL, '2025-11-16 16:06:31'),
(964, 13, 'no_call', '2026-01-30', NULL, '2025-11-16 16:06:31'),
(965, 13, 'no_call', '2026-01-15', NULL, '2025-11-16 16:06:31'),
(966, 13, 'no_call', '2026-01-08', NULL, '2025-11-16 16:06:31'),
(967, 13, 'no_call', '2026-01-20', NULL, '2025-11-16 16:06:31'),
(968, 13, 'no_call', '2026-02-16', NULL, '2025-11-16 16:06:31'),
(969, 13, 'no_call', '2026-02-17', NULL, '2025-11-16 16:06:31'),
(970, 13, 'no_call', '2026-03-22', NULL, '2025-11-16 16:06:31'),
(971, 13, 'no_call', '2026-05-21', NULL, '2025-11-16 16:06:31'),
(972, 13, 'no_call', '2026-05-14', NULL, '2025-11-16 16:06:31'),
(973, 13, 'no_call', '2026-04-23', NULL, '2025-11-16 16:06:31'),
(974, 13, 'no_call', '2026-06-18', NULL, '2025-11-16 16:06:31'),
(975, 13, 'no_call', '2026-06-25', NULL, '2025-11-16 16:06:31'),
(976, 13, 'no_call', '2026-05-28', NULL, '2025-11-16 16:06:31'),
(977, 13, 'no_call', '2026-06-13', NULL, '2025-11-16 16:06:31'),
(978, 13, 'no_call', '2026-06-05', NULL, '2025-11-16 16:06:31'),
(979, 13, 'no_call', '2026-06-12', NULL, '2025-11-16 16:06:31'),
(980, 4, 'out_of_office', '2026-01-21', NULL, '2025-11-16 20:07:20'),
(981, 4, 'out_of_office', '2026-01-22', NULL, '2025-11-16 20:07:20'),
(982, 4, 'out_of_office', '2026-01-23', NULL, '2025-11-16 20:07:20'),
(983, 4, 'out_of_office', '2026-01-24', NULL, '2025-11-16 20:07:20'),
(984, 4, 'out_of_office', '2026-01-25', NULL, '2025-11-16 20:07:20'),
(985, 4, 'out_of_office', '2026-02-05', NULL, '2025-11-16 20:07:20'),
(986, 4, 'out_of_office', '2026-02-06', NULL, '2025-11-16 20:07:20'),
(987, 4, 'out_of_office', '2026-02-07', NULL, '2025-11-16 20:07:20'),
(988, 4, 'out_of_office', '2026-02-08', NULL, '2025-11-16 20:07:20'),
(989, 4, 'out_of_office', '2026-02-09', NULL, '2025-11-16 20:07:20'),
(990, 4, 'out_of_office', '2026-02-10', NULL, '2025-11-16 20:07:20'),
(991, 4, 'out_of_office', '2026-02-11', NULL, '2025-11-16 20:07:20'),
(992, 4, 'out_of_office', '2026-02-12', NULL, '2025-11-16 20:07:20'),
(993, 4, 'out_of_office', '2026-02-13', NULL, '2025-11-16 20:07:20'),
(994, 4, 'out_of_office', '2026-02-14', NULL, '2025-11-16 20:07:20'),
(995, 4, 'out_of_office', '2026-02-15', NULL, '2025-11-16 20:07:20'),
(996, 4, 'out_of_office', '2026-03-04', NULL, '2025-11-16 20:07:20'),
(997, 4, 'out_of_office', '2026-03-05', NULL, '2025-11-16 20:07:20'),
(998, 4, 'out_of_office', '2026-03-06', NULL, '2025-11-16 20:07:20'),
(999, 4, 'out_of_office', '2026-03-07', NULL, '2025-11-16 20:07:20'),
(1000, 4, 'out_of_office', '2026-03-08', NULL, '2025-11-16 20:07:20'),
(1001, 4, 'out_of_office', '2026-03-28', NULL, '2025-11-16 20:07:20'),
(1002, 4, 'out_of_office', '2026-03-29', NULL, '2025-11-16 20:07:20'),
(1003, 4, 'out_of_office', '2026-03-30', NULL, '2025-11-16 20:07:20'),
(1004, 4, 'out_of_office', '2026-03-31', NULL, '2025-11-16 20:07:20'),
(1005, 4, 'out_of_office', '2026-04-01', NULL, '2025-11-16 20:07:20'),
(1006, 4, 'out_of_office', '2026-04-02', NULL, '2025-11-16 20:07:20'),
(1007, 4, 'out_of_office', '2026-04-03', NULL, '2025-11-16 20:07:20'),
(1008, 4, 'out_of_office', '2026-04-04', NULL, '2025-11-16 20:07:20'),
(1009, 4, 'out_of_office', '2026-06-05', NULL, '2025-11-16 20:07:20'),
(1010, 4, 'out_of_office', '2026-06-06', NULL, '2025-11-16 20:07:20'),
(1011, 4, 'out_of_office', '2026-06-07', NULL, '2025-11-16 20:07:20'),
(1012, 4, 'out_of_office', '2026-05-15', NULL, '2025-11-16 20:07:20'),
(1013, 4, 'out_of_office', '2026-05-24', NULL, '2025-11-16 20:07:20'),
(1014, 4, 'out_of_office', '2026-05-16', NULL, '2025-11-16 20:07:20'),
(1015, 4, 'out_of_office', '2026-05-17', NULL, '2025-11-16 20:07:20'),
(1016, 4, 'out_of_office', '2026-05-18', NULL, '2025-11-16 20:07:20'),
(1017, 4, 'out_of_office', '2026-05-19', NULL, '2025-11-16 20:07:20'),
(1018, 4, 'out_of_office', '2026-05-20', NULL, '2025-11-16 20:07:20'),
(1019, 4, 'out_of_office', '2026-05-21', NULL, '2025-11-16 20:07:20'),
(1020, 4, 'out_of_office', '2026-05-22', NULL, '2025-11-16 20:07:20'),
(1021, 4, 'out_of_office', '2026-05-23', NULL, '2025-11-16 20:07:20'),
(1022, 23, 'no_call', '2026-02-06', NULL, '2025-11-17 00:32:45'),
(1023, 23, 'no_call', '2026-02-08', NULL, '2025-11-17 00:32:45'),
(1024, 23, 'no_call', '2026-03-07', NULL, '2025-11-17 00:32:45'),
(1025, 23, 'no_call', '2026-03-06', NULL, '2025-11-17 00:32:45'),
(1026, 23, 'no_call', '2026-02-07', NULL, '2025-11-17 00:32:45'),
(1027, 23, 'no_call', '2026-03-08', NULL, '2025-11-17 00:32:45'),
(1028, 23, 'no_call', '2026-04-04', NULL, '2025-11-17 00:32:45'),
(1029, 23, 'no_call', '2026-04-05', NULL, '2025-11-17 00:32:45'),
(1030, 23, 'no_call', '2026-04-06', NULL, '2025-11-17 00:32:45'),
(1031, 23, 'no_call', '2026-04-03', NULL, '2025-11-17 00:32:45'),
(1032, 23, 'no_call', '2026-02-17', NULL, '2025-11-17 00:32:45'),
(1033, 23, 'no_call', '2026-02-18', NULL, '2025-11-17 00:32:45'),
(1034, 23, 'no_call', '2026-02-20', NULL, '2025-11-17 00:32:45'),
(1035, 23, 'no_call', '2026-01-27', NULL, '2025-11-17 00:32:45'),
(1036, 23, 'no_call', '2026-01-28', NULL, '2025-11-17 00:32:45'),
(1037, 23, 'no_call', '2026-01-26', NULL, '2025-11-17 00:32:45'),
(1038, 23, 'no_call', '2026-01-30', NULL, '2025-11-17 00:32:45'),
(1039, 9, 'out_of_office', '2026-01-15', NULL, '2025-11-17 01:43:17'),
(1040, 9, 'out_of_office', '2026-01-16', NULL, '2025-11-17 01:43:17'),
(1041, 9, 'out_of_office', '2026-01-17', NULL, '2025-11-17 01:43:17'),
(1042, 9, 'out_of_office', '2026-01-18', NULL, '2025-11-17 01:43:17'),
(1043, 9, 'out_of_office', '2026-01-19', NULL, '2025-11-17 01:43:17'),
(1044, 9, 'out_of_office', '2026-02-13', NULL, '2025-11-17 01:43:17'),
(1045, 9, 'out_of_office', '2026-02-14', NULL, '2025-11-17 01:43:17'),
(1046, 9, 'out_of_office', '2026-02-15', NULL, '2025-11-17 01:43:17'),
(1047, 9, 'out_of_office', '2026-02-16', NULL, '2025-11-17 01:43:17'),
(1048, 9, 'out_of_office', '2026-03-27', NULL, '2025-11-17 01:43:17'),
(1049, 9, 'out_of_office', '2026-03-28', NULL, '2025-11-17 01:43:17'),
(1050, 9, 'out_of_office', '2026-03-29', NULL, '2025-11-17 01:43:17'),
(1051, 9, 'out_of_office', '2026-03-30', NULL, '2025-11-17 01:43:17'),
(1052, 9, 'out_of_office', '2026-03-31', NULL, '2025-11-17 01:43:17'),
(1053, 9, 'out_of_office', '2026-04-01', NULL, '2025-11-17 01:43:17'),
(1054, 9, 'out_of_office', '2026-04-02', NULL, '2025-11-17 01:43:17'),
(1055, 9, 'out_of_office', '2026-04-04', NULL, '2025-11-17 01:43:17'),
(1056, 9, 'out_of_office', '2026-04-03', NULL, '2025-11-17 01:43:17'),
(1057, 9, 'out_of_office', '2026-04-06', NULL, '2025-11-17 01:43:17'),
(1058, 9, 'out_of_office', '2026-04-05', NULL, '2025-11-17 01:43:17'),
(1059, 9, 'no_call', '2026-05-14', NULL, '2025-11-17 01:43:17'),
(1060, 9, 'no_call', '2026-05-22', NULL, '2025-11-17 01:43:17'),
(1061, 9, 'out_of_office', '2026-05-23', NULL, '2025-11-17 01:43:17'),
(1062, 9, 'out_of_office', '2026-05-24', NULL, '2025-11-17 01:43:17'),
(1063, 9, 'out_of_office', '2026-05-25', NULL, '2025-11-17 01:43:17'),
(1064, 9, 'out_of_office', '2026-06-26', NULL, '2025-11-17 01:43:17'),
(1065, 9, 'out_of_office', '2026-06-27', NULL, '2025-11-17 01:43:17'),
(1066, 9, 'out_of_office', '2026-06-28', NULL, '2025-11-17 01:43:17'),
(1067, 9, 'no_call', '2026-03-20', NULL, '2025-11-17 01:43:17'),
(1068, 26, 'no_call', '2026-01-01', NULL, '2025-11-17 02:47:51'),
(1069, 26, 'out_of_office', '2026-01-02', NULL, '2025-11-17 02:47:51'),
(1070, 26, 'no_call', '2026-01-03', NULL, '2025-11-17 02:47:51'),
(1071, 26, 'out_of_office', '2026-01-14', NULL, '2025-11-17 02:47:51'),
(1072, 26, 'no_call', '2026-01-18', NULL, '2025-11-17 02:47:51'),
(1073, 26, 'no_call', '2026-01-19', NULL, '2025-11-17 02:47:51'),
(1074, 26, 'out_of_office', '2026-01-20', NULL, '2025-11-17 02:47:51'),
(1075, 26, 'out_of_office', '2026-01-21', NULL, '2025-11-17 02:47:51'),
(1076, 26, 'out_of_office', '2026-01-26', NULL, '2025-11-17 02:47:51'),
(1077, 26, 'no_call', '2026-02-01', NULL, '2025-11-17 02:47:51'),
(1078, 26, 'out_of_office', '2026-02-02', NULL, '2025-11-17 02:47:51'),
(1079, 26, 'out_of_office', '2026-02-03', NULL, '2025-11-17 02:47:51'),
(1080, 26, 'out_of_office', '2026-02-04', NULL, '2025-11-17 02:47:51'),
(1081, 26, 'no_call', '2026-02-14', NULL, '2025-11-17 02:47:51'),
(1082, 26, 'no_call', '2026-02-15', NULL, '2025-11-17 02:47:51'),
(1083, 26, 'out_of_office', '2026-02-16', NULL, '2025-11-17 02:47:51'),
(1084, 26, 'out_of_office', '2026-02-17', NULL, '2025-11-17 02:47:51'),
(1085, 26, 'no_call', '2026-02-28', NULL, '2025-11-17 02:47:51'),
(1086, 26, 'no_call', '2026-03-01', NULL, '2025-11-17 02:47:51'),
(1087, 26, 'out_of_office', '2026-03-02', NULL, '2025-11-17 02:47:51'),
(1088, 26, 'out_of_office', '2026-03-03', NULL, '2025-11-17 02:47:51'),
(1089, 26, 'out_of_office', '2026-03-04', NULL, '2025-11-17 02:47:51'),
(1090, 26, 'out_of_office', '2026-03-05', NULL, '2025-11-17 02:47:51'),
(1091, 26, 'out_of_office', '2026-03-06', NULL, '2025-11-17 02:47:51'),
(1092, 26, 'no_call', '2026-03-15', NULL, '2025-11-17 02:47:51'),
(1093, 26, 'out_of_office', '2026-03-16', NULL, '2025-11-17 02:47:51'),
(1094, 26, 'out_of_office', '2026-03-17', NULL, '2025-11-17 02:47:51'),
(1095, 26, 'no_call', '2026-03-29', NULL, '2025-11-17 02:47:51'),
(1096, 26, 'out_of_office', '2026-03-30', NULL, '2025-11-17 02:47:51'),
(1097, 26, 'out_of_office', '2026-03-31', NULL, '2025-11-17 02:47:51'),
(1098, 26, 'out_of_office', '2026-04-03', NULL, '2025-11-17 02:47:51'),
(1099, 26, 'no_call', '2026-04-04', NULL, '2025-11-17 02:47:51'),
(1100, 26, 'no_call', '2026-04-05', NULL, '2025-11-17 02:47:51'),
(1101, 26, 'out_of_office', '2026-04-06', NULL, '2025-11-17 02:47:51'),
(1102, 26, 'out_of_office', '2026-04-10', NULL, '2025-11-17 02:47:51'),
(1103, 26, 'out_of_office', '2026-04-15', NULL, '2025-11-17 02:47:51'),
(1104, 26, 'no_call', '2026-04-26', NULL, '2025-11-17 02:47:51'),
(1105, 26, 'out_of_office', '2026-04-27', NULL, '2025-11-17 02:47:51'),
(1106, 26, 'out_of_office', '2026-04-28', NULL, '2025-11-17 02:47:51'),
(1107, 26, 'out_of_office', '2026-04-29', NULL, '2025-11-17 02:47:51'),
(1108, 26, 'out_of_office', '2026-05-01', NULL, '2025-11-17 02:47:51'),
(1109, 26, 'no_call', '2026-05-06', NULL, '2025-11-17 02:47:51'),
(1110, 26, 'out_of_office', '2026-05-13', NULL, '2025-11-17 02:47:51'),
(1111, 26, 'out_of_office', '2026-05-14', NULL, '2025-11-17 02:47:51'),
(1112, 26, 'out_of_office', '2026-05-15', NULL, '2025-11-17 02:47:51'),
(1113, 26, 'no_call', '2026-05-16', NULL, '2025-11-17 02:47:51'),
(1114, 26, 'no_call', '2026-05-17', NULL, '2025-11-17 02:47:51'),
(1115, 26, 'out_of_office', '2026-05-18', NULL, '2025-11-17 02:47:51'),
(1116, 26, 'no_call', '2026-05-19', NULL, '2025-11-17 02:47:51'),
(1117, 26, 'out_of_office', '2026-05-29', NULL, '2025-11-17 02:47:51'),
(1118, 26, 'out_of_office', '2026-06-05', NULL, '2025-11-17 02:47:51'),
(1119, 26, 'no_call', '2026-06-06', NULL, '2025-11-17 02:47:51'),
(1120, 26, 'no_call', '2026-06-07', NULL, '2025-11-17 02:47:51'),
(1121, 26, 'out_of_office', '2026-06-08', NULL, '2025-11-17 02:47:51'),
(1122, 26, 'out_of_office', '2026-06-09', NULL, '2025-11-17 02:47:51'),
(1123, 26, 'out_of_office', '2026-06-19', NULL, '2025-11-17 02:47:51'),
(1124, 26, 'no_call', '2026-06-20', NULL, '2025-11-17 02:47:51'),
(1125, 26, 'no_call', '2026-06-21', NULL, '2025-11-17 02:47:51'),
(1126, 26, 'out_of_office', '2026-06-22', NULL, '2025-11-17 02:47:51'),
(1127, 26, 'out_of_office', '2026-06-23', NULL, '2025-11-17 02:47:51'),
(1128, 1, 'no_call', '2026-01-17', NULL, '2025-11-17 02:52:43'),
(1129, 1, 'no_call', '2026-01-18', NULL, '2025-11-17 02:52:43'),
(1130, 1, 'no_call', '2026-01-19', NULL, '2025-11-17 02:52:43'),
(1131, 1, 'no_call', '2026-02-14', NULL, '2025-11-17 02:52:43'),
(1132, 1, 'no_call', '2026-03-26', NULL, '2025-11-17 02:52:43'),
(1133, 1, 'no_call', '2026-03-27', NULL, '2025-11-17 02:52:43'),
(1134, 1, 'no_call', '2026-04-03', NULL, '2025-11-17 02:52:43'),
(1135, 1, 'no_call', '2026-04-04', NULL, '2025-11-17 02:52:43'),
(1136, 1, 'no_call', '2026-04-05', NULL, '2025-11-17 02:52:43'),
(1137, 1, 'no_call', '2026-04-06', NULL, '2025-11-17 02:52:43'),
(1138, 1, 'no_call', '2026-05-26', NULL, '2025-11-17 02:52:43'),
(1139, 1, 'no_call', '2026-05-27', NULL, '2025-11-17 02:52:43'),
(1140, 1, 'no_call', '2026-06-12', NULL, '2025-11-17 02:52:43'),
(1141, 1, 'no_call', '2026-06-13', NULL, '2025-11-17 02:52:43'),
(1142, 1, 'no_call', '2026-06-14', NULL, '2025-11-17 02:52:43'),
(1143, 1, 'no_call', '2026-06-15', NULL, '2025-11-17 02:52:43'),
(1144, 1, 'no_call', '2026-06-16', NULL, '2025-11-17 02:52:43'),
(1145, 1, 'no_call', '2026-03-12', NULL, '2025-11-17 02:52:43'),
(1146, 1, 'no_call', '2026-03-07', NULL, '2025-11-17 02:52:43'),
(1147, 1, 'no_call', '2026-03-08', NULL, '2025-11-17 02:52:43'),
(1148, 1, 'no_call', '2026-03-09', NULL, '2025-11-17 02:52:43'),
(1149, 1, 'no_call', '2026-03-10', NULL, '2025-11-17 02:52:43'),
(1150, 1, 'no_call', '2026-03-11', NULL, '2025-11-17 02:52:43'),
(1151, 1, 'no_call', '2026-03-13', NULL, '2025-11-17 02:52:43'),
(1152, 1, 'no_call', '2026-03-14', NULL, '2025-11-17 02:52:43'),
(1153, 1, 'no_call', '2026-03-15', NULL, '2025-11-17 02:52:43'),
(1154, 1, 'no_call', '2026-03-16', NULL, '2025-11-17 02:52:43'),
(1155, 1, 'no_call', '2026-03-17', NULL, '2025-11-17 02:52:43'),
(1156, 1, 'no_call', '2026-03-18', NULL, '2025-11-17 02:52:43'),
(1157, 1, 'no_call', '2026-03-19', NULL, '2025-11-17 02:52:43'),
(1158, 1, 'no_call', '2026-03-20', NULL, '2025-11-17 02:52:43'),
(1159, 1, 'no_call', '2026-03-21', NULL, '2025-11-17 02:52:43'),
(1160, 1, 'no_call', '2026-03-22', NULL, '2025-11-17 02:52:43'),
(1161, 1, 'no_call', '2026-06-26', NULL, '2025-11-17 02:52:43'),
(1162, 1, 'no_call', '2026-06-27', NULL, '2025-11-17 02:52:43'),
(1163, 1, 'no_call', '2026-06-28', NULL, '2025-11-17 02:52:43'),
(1164, 1, 'no_call', '2026-06-29', NULL, '2025-11-17 02:52:43'),
(1165, 1, 'no_call', '2026-06-30', NULL, '2025-11-17 02:52:43'),
(1166, 1, 'no_call', '2026-05-09', NULL, '2025-11-17 02:52:43'),
(1167, 1, 'no_call', '2026-05-10', NULL, '2025-11-17 02:52:43'),
(1168, 1, 'no_call', '2026-05-11', NULL, '2025-11-17 02:52:43'),
(1169, 1, 'no_call', '2026-05-12', NULL, '2025-11-17 02:52:43'),
(1170, 1, 'no_call', '2026-05-13', NULL, '2025-11-17 02:52:43'),
(1171, 1, 'no_call', '2026-05-14', NULL, '2025-11-17 02:52:43'),
(1172, 1, 'no_call', '2026-05-15', NULL, '2025-11-17 02:52:43'),
(1173, 1, 'no_call', '2026-05-16', NULL, '2025-11-17 02:52:43'),
(1174, 1, 'no_call', '2026-05-17', NULL, '2025-11-17 02:52:43'),
(1175, 1, 'no_call', '2026-04-07', NULL, '2025-11-17 02:52:43'),
(1176, 1, 'no_call', '2026-04-08', NULL, '2025-11-17 02:52:43'),
(1177, 1, 'no_call', '2026-04-09', NULL, '2025-11-17 02:52:43'),
(1178, 1, 'no_call', '2026-04-10', NULL, '2025-11-17 02:52:43'),
(1179, 1, 'no_call', '2026-04-11', NULL, '2025-11-17 02:52:43'),
(1180, 1, 'no_call', '2026-02-21', NULL, '2025-11-17 02:52:43'),
(1181, 1, 'no_call', '2026-02-22', NULL, '2025-11-17 02:52:43'),
(1182, 1, 'no_call', '2026-02-23', NULL, '2025-11-17 02:52:43'),
(1183, 1, 'no_call', '2026-02-24', NULL, '2025-11-17 02:52:43'),
(1184, 1, 'no_call', '2026-02-25', NULL, '2025-11-17 02:52:43'),
(1185, 1, 'no_call', '2026-02-26', NULL, '2025-11-17 02:52:43'),
(1186, 1, 'no_call', '2026-02-27', NULL, '2025-11-17 02:52:43'),
(1187, 1, 'no_call', '2026-02-28', NULL, '2025-11-17 02:52:43');

-- --------------------------------------------------------

--
-- Table structure for table `oneCall_schedule_assignments`
--

CREATE TABLE `oneCall_schedule_assignments` (
  `id` int(11) NOT NULL,
  `calendar_day_id` int(11) NOT NULL,
  `er_call_user_id` int(11) DEFAULT NULL,
  `backup_call_user_id` int(11) DEFAULT NULL,
  `practice_call_user_id` int(11) DEFAULT NULL,
  `specialist_hand` int(11) DEFAULT NULL,
  `specialist_sports` int(11) DEFAULT NULL,
  `specialist_joints` int(11) DEFAULT NULL,
  `specialist_spine` int(11) DEFAULT NULL,
  `specialist_foot` int(11) DEFAULT NULL,
  `notes` varchar(255) DEFAULT NULL
) ENGINE=InnoDB DEFAULT CHARSET=utf8mb4;

-- --------------------------------------------------------

--
-- Table structure for table `oneCall_settings`
--

CREATE TABLE `oneCall_settings` (
  `id` int(11) NOT NULL,
  `setting_key` varchar(100) NOT NULL,
  `setting_value` varchar(255) NOT NULL
) ENGINE=InnoDB DEFAULT CHARSET=utf8mb4;

--
-- Dumping data for table `oneCall_settings`
--

INSERT INTO `oneCall_settings` (`id`, `setting_key`, `setting_value`) VALUES
(1, 'request_open_date', '2026-01-01'),
(2, 'request_close_date', '2026-01-31'),
(3, 'block_start_date', '2026-01-01'),
(4, 'block_end_date', '2026-06-30'),
(5, 'max_requests_per_block', '30'),
(6, 'max_weekend_requests_block', '12');

-- --------------------------------------------------------

--
-- Table structure for table `oneCall_statistics`
--

CREATE TABLE `oneCall_statistics` (
  `id` int(11) NOT NULL,
  `user_id` int(11) NOT NULL,
  `period_start` date NOT NULL,
  `period_end` date NOT NULL,
  `weekday_calls` int(11) DEFAULT '0',
  `weekend_calls` int(11) DEFAULT '0',
  `holiday_calls` int(11) DEFAULT '0'
) ENGINE=InnoDB DEFAULT CHARSET=utf8mb4;

-- --------------------------------------------------------

--
-- Table structure for table `oneCall_users`
--

CREATE TABLE `oneCall_users` (
  `id` int(11) NOT NULL,
  `first_name` varchar(50) NOT NULL,
  `last_name` varchar(50) NOT NULL,
  `email` varchar(150) NOT NULL,
  `cell_phone` varchar(20) DEFAULT NULL,
  `birthdate` date DEFAULT NULL,
  `service_start_date` date DEFAULT NULL,
  `fte` decimal(3,2) NOT NULL DEFAULT '1.00',
  `role` enum('admin','employed','non_employed') NOT NULL DEFAULT 'employed',
  `provider_type` enum('surgeon_md','non_surgeon_md','app','admin') NOT NULL DEFAULT 'surgeon_md',
  `call_group` enum('luminis_er','luminis_backup','non_employed_er','practice_call','none') NOT NULL DEFAULT 'none',
  `active` tinyint(1) NOT NULL DEFAULT '1',
  `call_preference` enum('power_week','scattered') DEFAULT 'scattered',
  `major_group` enum('1','2','3') DEFAULT NULL,
  `minor_group` enum('A','B','C','D','E') DEFAULT NULL,
  `ageout_date` date DEFAULT NULL,
  `username` varchar(50) DEFAULT NULL,
  `password_hash` varchar(255) DEFAULT NULL,
  `created_at` timestamp NOT NULL DEFAULT CURRENT_TIMESTAMP,
  `updated_at` timestamp NOT NULL DEFAULT CURRENT_TIMESTAMP ON UPDATE CURRENT_TIMESTAMP,
  `is_profile_complete` tinyint(1) NOT NULL DEFAULT '0'
) ENGINE=InnoDB DEFAULT CHARSET=utf8mb4;

--
-- Dumping data for table `oneCall_users`
--

INSERT INTO `oneCall_users` (`id`, `first_name`, `last_name`, `email`, `cell_phone`, `birthdate`, `service_start_date`, `fte`, `role`, `provider_type`, `call_group`, `active`, `call_preference`, `major_group`, `minor_group`, `ageout_date`, `username`, `password_hash`, `created_at`, `updated_at`, `is_profile_complete`) VALUES
(1, 'Adrienne', 'Spirt', 'aspirt@luminishealth.org', '7348834164', NULL, '2010-08-18', '1.00', 'employed', 'surgeon_md', 'luminis_backup', 1, 'scattered', '2', 'C', NULL, 'aspirt', '$2y$10$Ktu6nWZJop95AmPWGosZJ.D3i2NWb78AIwgVA5oATEnzxiFv/HvVy', '2025-11-15 12:48:36', '2025-11-15 22:03:23', 0),
(2, 'Paul', 'King', 'pking@luminishealth.org', '4107034443', NULL, '2014-10-01', '1.00', 'employed', 'surgeon_md', 'luminis_backup', 1, 'scattered', '2', 'E', NULL, 'pking', '$2y$10$Ktu6nWZJop95AmPWGosZJ.D3i2NWb78AIwgVA5oATEnzxiFv/HvVy', '2025-11-15 12:48:36', '2025-11-15 22:02:49', 0),
(3, 'Cyrus', 'Lashgari', 'clashgari@luminishealth.org', '4102799703', NULL, '2002-08-19', '1.00', 'employed', 'surgeon_md', 'luminis_backup', 1, 'scattered', '3', 'A', NULL, 'clashgari', '$2y$10$Ktu6nWZJop95AmPWGosZJ.D3i2NWb78AIwgVA5oATEnzxiFv/HvVy', '2025-11-15 12:48:36', '2025-11-15 22:03:28', 0),
(4, 'Dan', 'Redziniak', 'dredziniak@luminishealth.org', '7326905551', NULL, '2008-07-01', '1.00', 'employed', 'surgeon_md', 'luminis_er', 1, 'scattered', '2', 'D', NULL, 'dredziniak', '$2y$10$Ktu6nWZJop95AmPWGosZJ.D3i2NWb78AIwgVA5oATEnzxiFv/HvVy', '2025-11-15 12:48:36', '2025-11-15 20:59:30', 0),
(5, 'Alex', 'Shushan', 'ashushan@luminishealth.org', '6465159496', NULL, '2009-08-31', '1.00', 'employed', 'surgeon_md', 'luminis_er', 1, 'scattered', '2', 'D', NULL, 'ashushan', '$2y$10$Ktu6nWZJop95AmPWGosZJ.D3i2NWb78AIwgVA5oATEnzxiFv/HvVy', '2025-11-15 12:48:36', '2025-11-15 20:59:34', 0),
(6, 'Ben', 'Petre', 'benpetre@gmail.com', '4108686344', '1978-05-16', '2012-09-17', '1.00', 'employed', 'surgeon_md', 'luminis_er', 1, 'power_week', '3', 'C', '2033-05-16', 'bpetre', '$2y$10$sfcTlCPmIv5jZqMTgaLgHOriTU8iKFP5vvFTYgjvH2X/A7Lh6/ys2', '2025-11-15 12:48:36', '2025-11-15 23:08:41', 1),
(7, 'Mark', 'Denzine', 'mdenzine@luminishealth.org', '4402278032', NULL, '2018-09-01', '1.00', 'employed', 'surgeon_md', 'luminis_er', 1, 'power_week', '1', 'B', NULL, 'mdenzine', '$2y$10$Ktu6nWZJop95AmPWGosZJ.D3i2NWb78AIwgVA5oATEnzxiFv/HvVy', '2025-11-15 12:48:36', '2025-11-15 20:55:35', 0),
(8, 'Justin', 'Hoover', 'jhoover1@luminishealth.org', '8036294752', NULL, '2013-08-12', '1.00', 'employed', 'surgeon_md', 'luminis_er', 1, 'power_week', '2', 'E', NULL, 'jhoover', '$2y$10$Ktu6nWZJop95AmPWGosZJ.D3i2NWb78AIwgVA5oATEnzxiFv/HvVy', '2025-11-15 12:48:36', '2025-11-15 22:02:22', 1),
(9, 'Chris', 'Jones', 'cjones14@luminishealth.org', '5855066462', NULL, '2017-06-01', '1.00', 'employed', 'surgeon_md', 'luminis_er', 1, 'scattered', '3', 'E', NULL, 'cjones', '$2y$10$Ktu6nWZJop95AmPWGosZJ.D3i2NWb78AIwgVA5oATEnzxiFv/HvVy', '2025-11-15 12:48:36', '2025-11-15 20:59:44', 0),
(10, 'Elizabeth', 'Friedmann', 'efriedmann@luminishealth.org', '2403157500', NULL, '2020-11-30', '1.00', 'employed', 'surgeon_md', 'luminis_er', 1, 'power_week', '1', 'A', NULL, 'efriedmann', '$2y$10$Ktu6nWZJop95AmPWGosZJ.D3i2NWb78AIwgVA5oATEnzxiFv/HvVy', '2025-11-15 12:48:36', '2025-11-15 20:55:35', 0),
(11, 'Emmanuel', 'Koli', 'emmanuelkoli@gmail.com', '(614) 208-6757', NULL, NULL, '1.00', 'non_employed', 'surgeon_md', 'non_employed_er', 1, 'scattered', '1', 'B', NULL, 'ekoli', '$2y$10$Ktu6nWZJop95AmPWGosZJ.D3i2NWb78AIwgVA5oATEnzxiFv/HvVy', '2025-11-15 12:48:36', '2025-11-15 20:56:48', 0),
(13, 'Michael', 'Anvari', 'michael.anvari@gmail.com', '(443) 567-0225', NULL, NULL, '1.00', 'non_employed', 'surgeon_md', 'non_employed_er', 1, 'scattered', '3', 'D', NULL, 'manvari', '$2y$10$Ktu6nWZJop95AmPWGosZJ.D3i2NWb78AIwgVA5oATEnzxiFv/HvVy', '2025-11-15 12:48:36', '2025-11-15 20:56:52', 0),
(14, 'Milford', 'Marchant', 'milfordmarchant@mac.com', '(919) 619-2982', NULL, NULL, '1.00', 'non_employed', 'surgeon_md', 'non_employed_er', 1, 'scattered', '2', 'E', NULL, 'mmarchant', '$2y$10$Ktu6nWZJop95AmPWGosZJ.D3i2NWb78AIwgVA5oATEnzxiFv/HvVy', '2025-11-15 12:48:36', '2025-11-15 20:56:55', 0),
(15, 'Joseph', 'Wazen', 'jwazen@cfaortho.com', '(914) 330-7951', NULL, NULL, '1.00', 'non_employed', 'surgeon_md', 'non_employed_er', 1, 'scattered', '1', 'A', NULL, 'jwazen', '$2y$10$Ktu6nWZJop95AmPWGosZJ.D3i2NWb78AIwgVA5oATEnzxiFv/HvVy', '2025-11-15 12:48:36', '2025-11-15 20:57:01', 0),
(16, 'Evan', 'Michaelson', 'evanmichaelson1@gmail.com', '(203) 858-6688', NULL, NULL, '1.00', 'non_employed', 'surgeon_md', 'non_employed_er', 1, 'scattered', '2', 'C', NULL, 'emichaelson', '$2y$10$Ktu6nWZJop95AmPWGosZJ.D3i2NWb78AIwgVA5oATEnzxiFv/HvVy', '2025-11-15 12:48:36', '2025-11-15 20:57:08', 0),
(17, 'James', 'York', 'jyork@luminishealth.org', '4436183925', NULL, '2014-07-31', '1.00', 'employed', 'surgeon_md', 'luminis_backup', 1, 'power_week', '3', 'E', NULL, 'jyork', '$2y$10$Ktu6nWZJop95AmPWGosZJ.D3i2NWb78AIwgVA5oATEnzxiFv/HvVy', '2025-11-15 12:48:36', '2025-11-15 22:03:32', 0),
(18, 'David', 'Keblish', 'dkeblish@luminishealth.org', '4107037273', NULL, '2015-06-30', '1.00', 'employed', 'surgeon_md', 'luminis_backup', 1, 'scattered', '3', 'B', NULL, 'dkeblish', '$2y$10$Ktu6nWZJop95AmPWGosZJ.D3i2NWb78AIwgVA5oATEnzxiFv/HvVy', '2025-11-15 12:48:36', '2025-11-15 22:03:36', 0),
(19, 'Jeff', 'Gelfand', 'jgelfand@luminishealth.org', '4105071171', NULL, '1998-10-19', '1.00', 'employed', 'surgeon_md', 'luminis_backup', 1, 'scattered', NULL, 'A', NULL, 'jgelfand', '$2y$10$Ktu6nWZJop95AmPWGosZJ.D3i2NWb78AIwgVA5oATEnzxiFv/HvVy', '2025-11-15 12:48:36', '2025-11-15 22:03:42', 0),
(20, 'James', 'MacDonald', 'jmacdonald@luminishealth.org', '4435347649', NULL, '2004-08-01', '1.00', 'employed', 'surgeon_md', 'luminis_backup', 1, 'scattered', '1', 'C', NULL, 'jmacdonald', '$2y$10$Ktu6nWZJop95AmPWGosZJ.D3i2NWb78AIwgVA5oATEnzxiFv/HvVy', '2025-11-15 12:48:36', '2025-11-15 22:04:09', 0),
(21, 'Alex', 'Speciale', 'aspeciale@luminishealth.org', '4439949585', NULL, '2000-09-01', '1.00', 'employed', 'surgeon_md', 'luminis_backup', 1, 'scattered', '2', 'B', NULL, 'aspeciale', '$2y$10$Ktu6nWZJop95AmPWGosZJ.D3i2NWb78AIwgVA5oATEnzxiFv/HvVy', '2025-11-15 12:48:36', '2025-11-15 22:04:13', 0),
(22, 'Chad', 'Patton', 'cpatton@luminishealth.org', '8029221760', NULL, '2011-06-05', '1.00', 'employed', 'surgeon_md', 'luminis_backup', 1, 'power_week', '1', 'D', NULL, 'cpatton', '$2y$10$Ktu6nWZJop95AmPWGosZJ.D3i2NWb78AIwgVA5oATEnzxiFv/HvVy', '2025-11-15 12:48:36', '2025-11-15 22:04:19', 0),
(23, 'Joe', 'Strauss', 'josephestrauss@yahoo.com', '3019435572', NULL, '2025-08-25', '0.90', 'employed', 'surgeon_md', 'luminis_er', 1, 'scattered', '1', 'C', NULL, 'jstrauss', '$2y$10$Ktu6nWZJop95AmPWGosZJ.D3i2NWb78AIwgVA5oATEnzxiFv/HvVy', '2025-11-15 12:48:36', '2025-11-15 20:55:35', 0),
(24, 'Max', 'Coale', 'mcoale64@gmail.com', '3018216865', NULL, '2025-09-08', '1.00', 'employed', 'surgeon_md', 'luminis_er', 1, 'power_week', '3', 'A', NULL, 'mcoale', '$2y$10$Ktu6nWZJop95AmPWGosZJ.D3i2NWb78AIwgVA5oATEnzxiFv/HvVy', '2025-11-15 12:48:36', '2025-11-15 20:55:35', 0),
(25, 'Cina', 'Karodeh', 'ckarodeh@luminishealth.org', '3018213998', NULL, NULL, '1.00', 'non_employed', 'surgeon_md', 'non_employed_er', 1, 'scattered', '3', 'B', NULL, 'ckarodeh', '$2y$10$Ktu6nWZJop95AmPWGosZJ.D3i2NWb78AIwgVA5oATEnzxiFv/HvVy', '2025-11-15 12:48:36', '2025-11-15 20:58:08', 0),
(26, 'Stephen', 'Webber', 'swebbmd@msn.com', '3017041562', NULL, '0000-00-00', '1.00', 'employed', 'surgeon_md', 'luminis_backup', 1, 'scattered', NULL, NULL, NULL, 'swebber', '$2y$10$Ktu6nWZJop95AmPWGosZJ.D3i2NWb78AIwgVA5oATEnzxiFv/HvVy', '2025-11-15 12:48:36', '2025-11-15 22:03:04', 0),
(27, 'Andrey', 'Zuskov', 'azuskov@luminishealth.org', '7324299477', NULL, '2023-09-08', '1.00', 'employed', 'surgeon_md', 'luminis_er', 1, 'scattered', NULL, NULL, NULL, 'azuskov', '$2y$10$Ktu6nWZJop95AmPWGosZJ.D3i2NWb78AIwgVA5oATEnzxiFv/HvVy', '2025-11-15 12:48:36', '2025-11-15 20:55:35', 0),
(28, 'Leonid', 'Selya', 'lselya@luminishealth.org', '2406913276', NULL, '0000-00-00', '1.00', 'employed', 'surgeon_md', 'luminis_backup', 1, 'scattered', NULL, NULL, NULL, 'lselya', '$2y$10$Ktu6nWZJop95AmPWGosZJ.D3i2NWb78AIwgVA5oATEnzxiFv/HvVy', '2025-11-15 12:48:36', '2025-11-15 22:04:24', 0),
(29, 'Loi\'Y', 'Mustafa', 'lmustafa@luminishealth.org', '', NULL, '0000-00-00', '1.00', 'employed', 'surgeon_md', 'luminis_er', 1, 'scattered', NULL, NULL, NULL, 'lmustafa', '$2y$10$Ktu6nWZJop95AmPWGosZJ.D3i2NWb78AIwgVA5oATEnzxiFv/HvVy', '2025-11-15 12:48:36', '2025-11-15 20:55:35', 0),
(30, 'Risa', 'Reid', 'rreid1@luminishealth.org', '7578717155', NULL, '2023-09-08', '1.00', 'employed', 'surgeon_md', 'luminis_er', 1, 'power_week', NULL, NULL, NULL, 'rreid', '$2y$10$Ktu6nWZJop95AmPWGosZJ.D3i2NWb78AIwgVA5oATEnzxiFv/HvVy', '2025-11-15 12:48:36', '2025-11-15 20:55:35', 0),
(31, 'admin', 'admin', 'benpetre@gmail.com', '4108686344', NULL, NULL, '1.00', 'admin', 'admin', 'none', 1, 'scattered', NULL, NULL, NULL, 'aadmin', '$2y$10$/2zqF.R9ziYMD66yoPW94.cSatWInUqjF23GaBuUdIc1Xv5dkYVQq', '2025-11-15 18:19:02', '2025-11-15 22:18:56', 1),
(32, 'Omonike', 'Akinleye', 'oakinleye@placeholder.local', NULL, NULL, '2022-10-31', '1.00', 'employed', 'app', 'practice_call', 1, 'scattered', NULL, NULL, '2037-10-31', 'oakinleye', NULL, '2025-11-15 21:01:46', '2025-11-15 22:07:18', 0),
(33, 'Joe', 'Alfera', 'jalfera@placeholder.local', NULL, NULL, '2022-06-26', '1.00', 'employed', 'app', 'practice_call', 1, 'scattered', NULL, NULL, '2037-06-26', 'jalfera', NULL, '2025-11-15 21:01:46', '2025-11-15 22:07:18', 0),
(34, 'Kaitlyn', 'Ayerle', 'kayerle@placeholder.local', NULL, NULL, '2023-06-19', '0.00', 'employed', 'app', 'practice_call', 1, 'scattered', NULL, NULL, '2038-06-19', 'kayerle', NULL, '2025-11-15 21:01:46', '2025-11-15 22:07:18', 0),
(35, 'Parineet', 'Bambrah', 'pbambrah@placeholder.local', NULL, NULL, '2004-08-01', '1.00', 'employed', 'non_surgeon_md', 'none', 1, 'scattered', NULL, NULL, NULL, 'pbambrah', NULL, '2025-11-15 21:01:46', '2025-11-15 21:01:46', 0),
(36, 'Maria', 'Braune', 'mbraune@placeholder.local', NULL, NULL, '2025-05-26', '1.00', 'employed', 'app', 'practice_call', 1, 'scattered', NULL, NULL, '2040-05-26', 'mbraune', NULL, '2025-11-15 21:01:46', '2025-11-15 22:07:18', 0),
(37, 'Madeline', 'Brennan', 'mbrennan@placeholder.local', NULL, NULL, '2025-03-17', '1.00', 'employed', 'app', 'practice_call', 1, 'scattered', NULL, NULL, '2040-03-17', 'mbrennan', NULL, '2025-11-15 21:01:46', '2025-11-15 22:07:18', 0),
(38, 'Peyton', 'Cassidy', 'pcassidy@placeholder.local', NULL, NULL, '2024-11-18', '1.00', 'employed', 'app', 'practice_call', 1, 'scattered', NULL, NULL, '2039-11-18', 'pcassidy', NULL, '2025-11-15 21:01:46', '2025-11-15 22:07:18', 0),
(39, 'Emily', 'Chell', 'echell@placeholder.local', NULL, NULL, '2023-01-01', '0.80', 'employed', 'app', 'practice_call', 1, 'scattered', NULL, NULL, '2038-01-01', 'echell', NULL, '2025-11-15 21:01:46', '2025-11-15 22:07:18', 0),
(40, 'James', 'Clark', 'jclark@placeholder.local', NULL, NULL, '2025-12-01', '1.00', 'employed', 'app', 'practice_call', 1, 'scattered', NULL, NULL, '2040-12-01', 'jclark', NULL, '2025-11-15 21:01:46', '2025-11-15 22:07:18', 0),
(41, 'Amanda', 'Comegys', 'acomegys@placeholder.local', NULL, NULL, '2014-07-21', '0.90', 'employed', 'app', 'practice_call', 1, 'scattered', NULL, NULL, '2029-07-21', 'acomegys', NULL, '2025-11-15 21:01:46', '2025-11-15 22:07:18', 0),
(42, 'Eric', 'Crapster', 'ecrapster@placeholder.local', NULL, NULL, '2013-04-08', '1.00', 'employed', 'app', 'practice_call', 1, 'scattered', NULL, NULL, '2028-04-08', 'ecrapster', NULL, '2025-11-15 21:01:46', '2025-11-15 22:07:18', 0),
(43, 'Kim', 'Ely', 'kely@placeholder.local', NULL, NULL, '2022-01-09', '0.60', 'employed', 'app', 'practice_call', 1, 'scattered', NULL, NULL, '2037-01-09', 'kely', NULL, '2025-11-15 21:01:46', '2025-11-15 22:07:18', 0),
(44, 'Phil', 'Exum', 'pexum@placeholder.local', NULL, NULL, '2014-07-21', '0.00', 'employed', 'app', 'practice_call', 1, 'scattered', NULL, NULL, '2029-07-21', 'pexum', NULL, '2025-11-15 21:01:46', '2025-11-15 22:07:18', 0),
(45, 'Stephen', 'Ferris', 'sferris@placeholder.local', NULL, NULL, '2023-11-12', '1.00', 'employed', 'app', 'practice_call', 1, 'scattered', NULL, NULL, '2038-11-12', 'sferris', NULL, '2025-11-15 21:01:46', '2025-11-15 22:07:18', 0),
(46, 'Kelly', 'Garner', 'kgarner@placeholder.local', NULL, NULL, '2017-11-01', '1.00', 'employed', 'app', 'practice_call', 1, 'scattered', NULL, NULL, '2032-11-01', 'kgarner', NULL, '2025-11-15 21:01:46', '2025-11-15 22:07:18', 0),
(47, 'Aneesh', 'Goel', 'agoel@placeholder.local', NULL, NULL, '2020-09-07', '1.00', 'employed', 'non_surgeon_md', 'practice_call', 1, 'scattered', NULL, NULL, '2035-09-07', 'agoel', NULL, '2025-11-15 21:01:46', '2025-11-15 22:07:18', 0),
(48, 'Sarah', 'Hall', 'shall@placeholder.local', NULL, NULL, '2019-01-14', '0.80', 'employed', 'app', 'practice_call', 1, 'scattered', NULL, NULL, '2034-01-14', 'shall', NULL, '2025-11-15 21:01:46', '2025-11-15 22:07:18', 0),
(49, 'Karen', 'Hartke', 'khartke@placeholder.local', NULL, NULL, '2014-09-10', '1.00', 'employed', 'app', 'practice_call', 1, 'scattered', NULL, NULL, '2029-09-10', 'khartke', NULL, '2025-11-15 21:01:46', '2025-11-15 22:07:18', 0),
(50, 'Katie', 'Hood', 'khood@placeholder.local', NULL, NULL, '2023-03-26', '0.50', 'employed', 'app', 'practice_call', 1, 'scattered', NULL, NULL, '2038-03-26', 'khood', NULL, '2025-11-15 21:01:46', '2025-11-15 22:07:18', 0),
(51, 'Rochelle', 'Hutchison', 'rhutchison@placeholder.local', NULL, NULL, '1997-11-01', '1.00', 'employed', 'non_surgeon_md', 'none', 1, 'scattered', NULL, NULL, NULL, 'rhutchison', NULL, '2025-11-15 21:01:46', '2025-11-15 21:01:46', 0),
(52, 'Dora', 'John-Betts', 'djohn-betts@placeholder.local', NULL, NULL, '2021-02-01', '1.00', 'employed', 'app', 'practice_call', 1, 'scattered', NULL, NULL, '2036-02-01', 'djohn-betts', NULL, '2025-11-15 21:01:46', '2025-11-15 22:07:18', 0),
(53, 'Lindsey', 'Jones', 'ljones@placeholder.local', NULL, NULL, '2022-05-16', '0.00', 'employed', 'non_surgeon_md', 'practice_call', 1, 'scattered', NULL, NULL, '2037-05-16', 'ljones', NULL, '2025-11-15 21:01:46', '2025-11-15 22:07:18', 0),
(54, 'Teresa', 'Koebel', 'tkoebel@placeholder.local', NULL, NULL, '2014-09-08', '1.00', 'employed', 'app', 'practice_call', 1, 'scattered', NULL, NULL, '2029-09-08', 'tkoebel', NULL, '2025-11-15 21:01:46', '2025-11-15 22:07:18', 0),
(55, 'Giovanna', 'Kolofer', 'gkolofer@placeholder.local', NULL, NULL, '2025-01-20', '1.00', 'employed', 'app', 'practice_call', 1, 'scattered', NULL, NULL, '2040-01-20', 'gkolofer', NULL, '2025-11-15 21:01:46', '2025-11-15 22:07:18', 0),
(56, 'Bryn', 'Krane', 'bkrane@placeholder.local', NULL, NULL, '2016-08-16', '1.00', 'employed', 'app', 'practice_call', 1, 'scattered', NULL, NULL, '2031-08-16', 'bkrane', NULL, '2025-11-15 21:01:46', '2025-11-15 22:07:18', 0),
(57, 'Sandra', 'Levermore', 'slevermore@placeholder.local', NULL, NULL, '2017-07-10', '1.00', 'employed', 'app', 'practice_call', 1, 'scattered', NULL, NULL, '2032-07-10', 'slevermore', NULL, '2025-11-15 21:01:46', '2025-11-15 22:07:18', 0),
(58, 'Alyssa', 'Maley', 'amaley@placeholder.local', NULL, NULL, '2016-04-30', '0.60', 'employed', 'app', 'practice_call', 1, 'scattered', NULL, NULL, '2031-04-30', 'amaley', NULL, '2025-11-15 21:01:46', '2025-11-15 22:07:18', 0),
(59, 'Marisa', 'Mazza', 'mmazza@placeholder.local', NULL, NULL, '2022-04-24', '1.00', 'employed', 'app', 'practice_call', 1, 'scattered', NULL, NULL, '2037-04-24', 'mmazza', NULL, '2025-11-15 21:01:46', '2025-11-15 22:07:18', 0),
(60, 'Julie', 'Merrill', 'jmerrill@placeholder.local', NULL, NULL, '2025-08-11', '0.60', 'employed', 'app', 'practice_call', 1, 'scattered', NULL, NULL, '2040-08-11', 'jmerrill', NULL, '2025-11-15 21:01:46', '2025-11-15 22:07:18', 0),
(61, 'Jennifer', 'Morris', 'jmorris@placeholder.local', NULL, NULL, '2014-09-19', '1.00', 'employed', 'app', 'practice_call', 1, 'scattered', NULL, NULL, '2029-09-19', 'jmorris', NULL, '2025-11-15 21:01:46', '2025-11-15 22:07:18', 0),
(62, 'Abolanle', 'Olubunmi', 'aolubunmi@placeholder.local', NULL, NULL, '0000-00-00', '1.00', 'employed', 'app', 'practice_call', 1, 'scattered', NULL, NULL, NULL, 'aolubunmi', NULL, '2025-11-15 21:01:46', '2025-11-15 22:07:18', 0),
(63, 'Jessica', 'Ortega', 'jortega@placeholder.local', NULL, NULL, '2022-09-18', '1.00', 'employed', 'app', 'practice_call', 1, 'scattered', NULL, NULL, '2037-09-18', 'jortega', NULL, '2025-11-15 21:01:46', '2025-11-15 22:07:18', 0),
(64, 'Norman', 'Ove', 'nove@placeholder.local', NULL, NULL, '1989-08-01', '1.00', 'employed', 'surgeon_md', 'none', 1, 'scattered', NULL, NULL, NULL, 'nove', NULL, '2025-11-15 21:01:46', '2025-11-15 21:01:46', 0),
(65, 'Karen', 'Pipkin', 'kpipkin@placeholder.local', NULL, NULL, '2014-06-30', '0.00', 'employed', 'app', 'practice_call', 1, 'scattered', NULL, NULL, '2029-06-30', 'kpipkin', NULL, '2025-11-15 21:01:46', '2025-11-15 22:07:18', 0),
(66, 'Michelle', 'Pipta', 'mpipta@placeholder.local', NULL, NULL, '2020-03-01', '0.90', 'employed', 'app', 'practice_call', 1, 'scattered', NULL, NULL, '2035-03-01', 'mpipta', NULL, '2025-11-15 21:01:46', '2025-11-15 22:07:18', 0),
(67, 'Caty', 'Platnick', 'cplatnick@placeholder.local', NULL, NULL, '1997-03-31', '1.00', 'employed', 'app', 'none', 1, 'scattered', NULL, NULL, NULL, 'cplatnick', NULL, '2025-11-15 21:01:46', '2025-11-15 21:01:46', 0),
(68, 'Angela', 'Poltrack', 'apoltrack@placeholder.local', NULL, NULL, '2023-03-12', '0.80', 'employed', 'app', 'practice_call', 1, 'scattered', NULL, NULL, '2038-03-12', 'apoltrack', NULL, '2025-11-15 21:01:46', '2025-11-15 22:07:18', 0),
(69, 'Kathy', 'Potter', 'kpotter@placeholder.local', NULL, NULL, '1987-09-14', '0.50', 'employed', 'app', 'none', 1, 'scattered', NULL, NULL, NULL, 'kpotter', NULL, '2025-11-15 21:01:46', '2025-11-15 21:01:46', 0),
(70, 'George', 'Powers', 'gpowers@placeholder.local', NULL, NULL, '2025-02-17', '1.00', 'employed', 'app', 'practice_call', 1, 'scattered', NULL, NULL, '2040-02-17', 'gpowers', NULL, '2025-11-15 21:01:46', '2025-11-15 22:07:18', 0),
(71, 'Lori', 'Rodey', 'lrodey@placeholder.local', NULL, NULL, '2021-06-28', '1.00', 'employed', 'app', 'practice_call', 1, 'scattered', NULL, NULL, '2036-06-28', 'lrodey', NULL, '2025-11-15 21:01:46', '2025-11-15 22:07:18', 0),
(72, 'Juan', 'Rodriguez', 'jrodriguez@placeholder.local', NULL, NULL, '2016-08-29', '1.00', 'employed', 'non_surgeon_md', 'practice_call', 1, 'scattered', NULL, NULL, '2031-08-29', 'jrodriguez', NULL, '2025-11-15 21:01:46', '2025-11-15 22:07:18', 0),
(73, 'Alec', 'Rogness', 'arogness@placeholder.local', NULL, NULL, '2024-09-16', '1.00', 'employed', 'app', 'practice_call', 1, 'scattered', NULL, NULL, '2039-09-16', 'arogness', NULL, '2025-11-15 21:01:46', '2025-11-15 22:07:18', 0),
(74, 'Emily', 'Schelberg', 'eschelberg@placeholder.local', NULL, NULL, '2015-12-15', '0.00', 'employed', 'app', 'practice_call', 1, 'scattered', NULL, NULL, '2030-12-15', 'eschelberg', NULL, '2025-11-15 21:01:46', '2025-11-15 22:07:18', 0),
(75, 'Cheryl', 'Schmidt', 'cschmidt@placeholder.local', NULL, NULL, '2025-12-01', '1.00', 'employed', 'app', 'practice_call', 1, 'scattered', NULL, NULL, '2040-12-01', 'cschmidt', NULL, '2025-11-15 21:01:46', '2025-11-15 22:07:18', 0),
(76, 'Jill', 'Schumacher', 'jschumacher@placeholder.local', NULL, NULL, '2012-10-30', '1.00', 'employed', 'app', 'practice_call', 1, 'scattered', NULL, NULL, '2027-10-30', 'jschumacher', NULL, '2025-11-15 21:01:46', '2025-11-15 22:07:18', 0),
(78, 'Kwasi', 'Sharif', 'ksharif@placeholder.local', NULL, NULL, '2017-08-28', '1.00', 'employed', 'non_surgeon_md', 'practice_call', 1, 'scattered', NULL, NULL, '2032-08-28', 'ksharif', NULL, '2025-11-15 21:01:46', '2025-11-15 22:07:18', 0),
(79, 'Shawn', 'Simpson ', 'ssimpson @placeholder.local', NULL, NULL, '2023-04-16', '1.00', 'employed', 'app', 'practice_call', 1, 'scattered', NULL, NULL, '2038-04-16', 'ssimpson ', NULL, '2025-11-15 21:01:46', '2025-11-15 22:07:18', 0),
(80, 'Matt', 'Siska', 'msiska@placeholder.local', NULL, NULL, '2019-06-09', '1.00', 'employed', 'app', 'practice_call', 1, 'scattered', NULL, NULL, '2034-06-09', 'msiska', NULL, '2025-11-15 21:01:46', '2025-11-15 22:07:18', 0),
(81, 'Hailey', 'Smell', 'hsmell@placeholder.local', NULL, NULL, '2021-10-18', '1.00', 'employed', 'app', 'practice_call', 1, 'scattered', NULL, NULL, '2036-10-18', 'hsmell', NULL, '2025-11-15 21:01:46', '2025-11-15 22:07:18', 0),
(82, 'Kayla', 'Sullivan', 'ksullivan@placeholder.local', NULL, NULL, '2025-06-15', '0.00', 'employed', 'app', 'practice_call', 1, 'scattered', NULL, NULL, '2040-06-15', 'ksullivan', NULL, '2025-11-15 21:01:46', '2025-11-15 22:07:18', 0),
(83, 'Ethan', 'Urbansky', 'eurbansky@placeholder.local', NULL, NULL, '2025-09-22', '1.00', 'employed', 'app', 'practice_call', 1, 'scattered', NULL, NULL, '2040-09-22', 'eurbansky', NULL, '2025-11-15 21:01:46', '2025-11-15 22:07:18', 0),
(84, 'Kristen', 'Wall', 'kwall@placeholder.local', NULL, NULL, '2025-05-19', '1.00', 'employed', 'app', 'practice_call', 1, 'scattered', NULL, NULL, '2040-05-19', 'kwall', NULL, '2025-11-15 21:01:46', '2025-11-15 22:07:18', 0),
(85, 'Aminda', 'Zaidi', 'azaidi@placeholder.local', NULL, NULL, '2025-02-17', '1.00', 'employed', 'app', 'practice_call', 1, 'scattered', NULL, NULL, '2040-02-17', 'azaidi', NULL, '2025-11-15 21:01:46', '2025-11-15 22:07:18', 0);

--
-- Indexes for dumped tables
--

--
-- Indexes for table `oneCall_availability`
--
ALTER TABLE `oneCall_availability`
  ADD PRIMARY KEY (`id`);

--
-- Indexes for table `oneCall_calendar_days`
--
ALTER TABLE `oneCall_calendar_days`
  ADD PRIMARY KEY (`id`),
  ADD UNIQUE KEY `date` (`date`),
  ADD KEY `holiday_id` (`holiday_id`);

--
-- Indexes for table `oneCall_elective_shifts`
--
ALTER TABLE `oneCall_elective_shifts`
  ADD PRIMARY KEY (`id`);

--
-- Indexes for table `oneCall_elective_signups`
--
ALTER TABLE `oneCall_elective_signups`
  ADD PRIMARY KEY (`id`),
  ADD KEY `shift_id` (`shift_id`),
  ADD KEY `user_id` (`user_id`);

--
-- Indexes for table `oneCall_holidays`
--
ALTER TABLE `oneCall_holidays`
  ADD PRIMARY KEY (`id`);

--
-- Indexes for table `oneCall_holiday_assignments`
--
ALTER TABLE `oneCall_holiday_assignments`
  ADD PRIMARY KEY (`id`),
  ADD KEY `holiday_id` (`holiday_id`),
  ADD KEY `user_id` (`user_id`);

--
-- Indexes for table `oneCall_requests`
--
ALTER TABLE `oneCall_requests`
  ADD PRIMARY KEY (`id`),
  ADD KEY `user_id` (`user_id`);

--
-- Indexes for table `oneCall_schedule_assignments`
--
ALTER TABLE `oneCall_schedule_assignments`
  ADD PRIMARY KEY (`id`),
  ADD KEY `calendar_day_id` (`calendar_day_id`),
  ADD KEY `er_call_user_id` (`er_call_user_id`),
  ADD KEY `backup_call_user_id` (`backup_call_user_id`),
  ADD KEY `practice_call_user_id` (`practice_call_user_id`),
  ADD KEY `specialist_hand` (`specialist_hand`),
  ADD KEY `specialist_sports` (`specialist_sports`),
  ADD KEY `specialist_joints` (`specialist_joints`),
  ADD KEY `specialist_spine` (`specialist_spine`),
  ADD KEY `specialist_foot` (`specialist_foot`);

--
-- Indexes for table `oneCall_settings`
--
ALTER TABLE `oneCall_settings`
  ADD PRIMARY KEY (`id`),
  ADD UNIQUE KEY `setting_key` (`setting_key`);

--
-- Indexes for table `oneCall_statistics`
--
ALTER TABLE `oneCall_statistics`
  ADD PRIMARY KEY (`id`),
  ADD KEY `user_id` (`user_id`);

--
-- Indexes for table `oneCall_users`
--
ALTER TABLE `oneCall_users`
  ADD PRIMARY KEY (`id`);

--
-- AUTO_INCREMENT for dumped tables
--

--
-- AUTO_INCREMENT for table `oneCall_availability`
--
ALTER TABLE `oneCall_availability`
  MODIFY `id` int(11) NOT NULL AUTO_INCREMENT;

--
-- AUTO_INCREMENT for table `oneCall_calendar_days`
--
ALTER TABLE `oneCall_calendar_days`
  MODIFY `id` int(11) NOT NULL AUTO_INCREMENT;

--
-- AUTO_INCREMENT for table `oneCall_elective_shifts`
--
ALTER TABLE `oneCall_elective_shifts`
  MODIFY `id` int(11) NOT NULL AUTO_INCREMENT;

--
-- AUTO_INCREMENT for table `oneCall_elective_signups`
--
ALTER TABLE `oneCall_elective_signups`
  MODIFY `id` int(11) NOT NULL AUTO_INCREMENT;

--
-- AUTO_INCREMENT for table `oneCall_holidays`
--
ALTER TABLE `oneCall_holidays`
  MODIFY `id` int(11) NOT NULL AUTO_INCREMENT, AUTO_INCREMENT=9;

--
-- AUTO_INCREMENT for table `oneCall_holiday_assignments`
--
ALTER TABLE `oneCall_holiday_assignments`
  MODIFY `id` int(11) NOT NULL AUTO_INCREMENT;

--
-- AUTO_INCREMENT for table `oneCall_requests`
--
ALTER TABLE `oneCall_requests`
  MODIFY `id` int(11) NOT NULL AUTO_INCREMENT, AUTO_INCREMENT=2048;

--
-- AUTO_INCREMENT for table `oneCall_schedule_assignments`
--
ALTER TABLE `oneCall_schedule_assignments`
  MODIFY `id` int(11) NOT NULL AUTO_INCREMENT;

--
-- AUTO_INCREMENT for table `oneCall_settings`
--
ALTER TABLE `oneCall_settings`
  MODIFY `id` int(11) NOT NULL AUTO_INCREMENT, AUTO_INCREMENT=7;

--
-- AUTO_INCREMENT for table `oneCall_statistics`
--
ALTER TABLE `oneCall_statistics`
  MODIFY `id` int(11) NOT NULL AUTO_INCREMENT;

--
-- AUTO_INCREMENT for table `oneCall_users`
--
ALTER TABLE `oneCall_users`
  MODIFY `id` int(11) NOT NULL AUTO_INCREMENT, AUTO_INCREMENT=95;

--
-- Constraints for dumped tables
--

--
-- Constraints for table `oneCall_calendar_days`
--
ALTER TABLE `oneCall_calendar_days`
  ADD CONSTRAINT `oneCall_calendar_days_ibfk_1` FOREIGN KEY (`holiday_id`) REFERENCES `oneCall_holidays` (`id`);

--
-- Constraints for table `oneCall_elective_signups`
--
ALTER TABLE `oneCall_elective_signups`
  ADD CONSTRAINT `oneCall_elective_signups_ibfk_1` FOREIGN KEY (`shift_id`) REFERENCES `oneCall_elective_shifts` (`id`) ON DELETE CASCADE,
  ADD CONSTRAINT `oneCall_elective_signups_ibfk_2` FOREIGN KEY (`user_id`) REFERENCES `oneCall_users` (`id`) ON DELETE CASCADE;

--
-- Constraints for table `oneCall_holiday_assignments`
--
ALTER TABLE `oneCall_holiday_assignments`
  ADD CONSTRAINT `oneCall_holiday_assignments_ibfk_1` FOREIGN KEY (`holiday_id`) REFERENCES `oneCall_holidays` (`id`) ON DELETE CASCADE,
  ADD CONSTRAINT `oneCall_holiday_assignments_ibfk_2` FOREIGN KEY (`user_id`) REFERENCES `oneCall_users` (`id`) ON DELETE CASCADE;

--
-- Constraints for table `oneCall_requests`
--
ALTER TABLE `oneCall_requests`
  ADD CONSTRAINT `oneCall_requests_ibfk_1` FOREIGN KEY (`user_id`) REFERENCES `oneCall_users` (`id`) ON DELETE CASCADE;

--
-- Constraints for table `oneCall_schedule_assignments`
--
ALTER TABLE `oneCall_schedule_assignments`
  ADD CONSTRAINT `oneCall_schedule_assignments_ibfk_1` FOREIGN KEY (`calendar_day_id`) REFERENCES `oneCall_calendar_days` (`id`) ON DELETE CASCADE,
  ADD CONSTRAINT `oneCall_schedule_assignments_ibfk_2` FOREIGN KEY (`er_call_user_id`) REFERENCES `oneCall_users` (`id`),
  ADD CONSTRAINT `oneCall_schedule_assignments_ibfk_3` FOREIGN KEY (`backup_call_user_id`) REFERENCES `oneCall_users` (`id`),
  ADD CONSTRAINT `oneCall_schedule_assignments_ibfk_4` FOREIGN KEY (`practice_call_user_id`) REFERENCES `oneCall_users` (`id`),
  ADD CONSTRAINT `oneCall_schedule_assignments_ibfk_5` FOREIGN KEY (`specialist_hand`) REFERENCES `oneCall_users` (`id`),
  ADD CONSTRAINT `oneCall_schedule_assignments_ibfk_6` FOREIGN KEY (`specialist_sports`) REFERENCES `oneCall_users` (`id`),
  ADD CONSTRAINT `oneCall_schedule_assignments_ibfk_7` FOREIGN KEY (`specialist_joints`) REFERENCES `oneCall_users` (`id`),
  ADD CONSTRAINT `oneCall_schedule_assignments_ibfk_8` FOREIGN KEY (`specialist_spine`) REFERENCES `oneCall_users` (`id`),
  ADD CONSTRAINT `oneCall_schedule_assignments_ibfk_9` FOREIGN KEY (`specialist_foot`) REFERENCES `oneCall_users` (`id`);

--
-- Constraints for table `oneCall_statistics`
--
ALTER TABLE `oneCall_statistics`
  ADD CONSTRAINT `oneCall_statistics_ibfk_1` FOREIGN KEY (`user_id`) REFERENCES `oneCall_users` (`id`) ON DELETE CASCADE;
COMMIT;

/*!40101 SET CHARACTER_SET_CLIENT=@OLD_CHARACTER_SET_CLIENT */;
/*!40101 SET CHARACTER_SET_RESULTS=@OLD_CHARACTER_SET_RESULTS */;
/*!40101 SET COLLATION_CONNECTION=@OLD_COLLATION_CONNECTION */;
